well_id,wellUse,As_,Ba,Ca,Cl_,Cr,GrossAlpha_U_Nat,Nitrate,Pb,Ra_Total,Se,U,None
4,Livestock,0.5,5.5,241.6,,0.5,,,1,1.598,0.55,2.5,
6,Unknown,0.5,31,1.6,,0.5,,,7.6,0.267,0.5,2.5,
11,Domestic,0.5,16,54.4,,0.5,,,1,1.697,0.5,2.5,
17,Domestic,5,20,270,,13.9,,,3.3,3.44,37.7,1.5,
18,Domestic,0.5,18,4.8,,0.5,,,1,1.09,0.5,2.5,
29,Livestock,0.5,18,14.4,,0.5,11,,1,2.036,0.5,2.5,
39,Livestock,0.5,12,36,,0.5,,,1,1.34,0.5,2.5,
43,Livestock,0.71,6.7,324,,0.5,,,1,4.92,0.83,0.38,
49,Unknown,,,4.25,,,,1.5,,,,,
53,Unknown,,,120,,,,0.2,,,,,
55,Domestic,,,109,,,,0.62,,,,,
63,Livestock,5,41,28.6,,1,,0.132,3.3,8.34,5,2.5,
75,Livestock,0.5,16,54,,0.5,,,1,3.026,0.5,2.5,
81,Livestock,1,55,67,,20,,,1,,7,31,
84,Livestock,0.91,130,54,,0.53,,,1,0.863,1.1,3.3,
86,Unknown,0.5,2,0,,5.3,,,2.2,0.722,0.5,2.5,
87,Livestock,0.58,290,78,,0.5,,,1.4,9.565,82,260,
88,Unknown,0.88,61,29,,1,,,1.7,2.078,0.6,2.5,
93,Livestock,2.2,33,9.6,,0.5,,,1,1.76,27,54,
96,Livestock,11,450,74,,1,,0.2,3.58,1.067,10.2,700,
98,Unknown,7.5,8.4,3.2,,0.59,,,4.3,1.686,12,25,
99,Unknown,1.2,130,99,,0.5,,,1,2.86,15,23,
100,Unknown,0.5,7.6,4,,3,,,1,0.646,0.5,2.5,
105,Livestock,0.6,21,212.8,,0.5,,,1,1.97,0.53,0.59,
106,Livestock,0.5,9.7,210,,0.5,,,1,1.904,0.85,2.5,
107,Livestock,0.5,32,4.6,,0.5,,,1.6,0.539,0.5,2.5,
108,Livestock,32,9.3,4.6,,1.3,,5,1,0.1911,16,34,
109,Livestock,55,19,4.8,,1.5,,,4.5,2.526,64,63,
110,Domestic,0.5,65,30.4,,0.5,,,1,3.658,1.1,9.1,
112,Domestic,1,13,51,,1,,,5,0.723,1,2.5,
113,Domestic,0.5,140,18.8,,0.5,,,1,1.187,1,2.4,
115,Livestock,0.5,7.4,82,,0.5,,,1,3.04,7.8,2.5,
123,Livestock,3,,,,,,0.3,,,1,300,
140,Livestock,,,94,,,,,,,,,
144,Unknown,0.53,29,170,,0.5,,,1,0.7808,9.5,110,
148,Unknown,2,130,27,,0.6,,,1,3.389,4,26,
156,Unknown,2.4,43,17.6,,2.4,,,2.2,1.514,0.8,5.2,
157,Unknown,1,,27,,,,,200,,3,,
163,Municipal,1,100,10.9,,3,,0.443,5,,1,,
173,Unknown,,,5,,,,,,,,,
174,Unknown,1.1,24,26,,0.5,,,1.7,,1.3,4.1,
175,Unknown,8.3,60.8,4.57,,1,,,14,1.0523,7.4,29,
198,Unknown,0.5,93,137.6,,0.5,,,1,0.8394,1.2,11,
226,Livestock,0.5,25,132.8,,0.5,,,1,1.924,0.5,2.5,
227,Unknown,0.5,11,4.8,,0.5,,,1,0.836,0.5,2.5,
228,Unknown,1.4,15,188,,0.5,,,1,1.043,1.4,2.2,
232,Unknown,5,200,18.4,,1,,,3.3,0.533,5,10,
259,Unknown,,,,,,,,,,,0.223880597,
273,Livestock,8.53,150,115,,1.03,,,3.3,0.694,5,2.2,
275,Livestock,7.6,64.4,6.76,,5,,,3,,18.13617031,8.073134328,
276,Unknown,8.2,9.5,4.02,,5,,,1.5,,5,0.691044776,
277,Unknown,4,125,43.5,,5,,,16.8,,5,4.804477612,
278,Unknown,10,38.9,16.5,,5,,,3,,5,5.553731343,
279,Domestic,2.8,20.2,35.2,,5,,,2.3,,5,1.310447761,
280,Unknown,10,13,28.4,,5,,,3,,11.16832288,3.735820896,
281,Livestock,6.6,34.5,46.8,,5,,,3,,5,4.591044776,
282,Livestock,10,114,50.4,,5,,,10.3,,14.8,5.617910448,
283,Unknown,10,278,35.2,,5,,,3,,5,2.729850746,
284,Unknown,7.2,149,33.8,,5,,,3,,2.8,5.652238806,
285,Unknown,10,282,35.3,,5,,,4.2,,5,2.362686567,
286,Unknown,10,27.7,28.9,,5,,,1.6,,18.4,9.74,
287,Unknown,3.3,6.8,529,,5,,,3,,13.2,22.69701493,
288,Domestic,10,211,59.5,,5,,,2,,5,9.8,
289,Domestic,10,32.3,31.1,,5,,,3,,5,27.87164179,
290,Livestock,10,45.1,32.4,,5,,,3,,5,15.82835821,
291,Livestock,10,61.9,20.7,,5,,,3,,36.41796396,17.69661026,
292,Livestock,13.7,18,37.35,,20,,,3,,5,256.6119403,
293,Livestock,5,151,27.6,,5,3,,10,,5,2.508955224,
294,Livestock,10,86.8,62.7,,5,,,3,,5,5.497014925,
295,Unknown,10,154,22.4,,5,,,3,,9,7.623880597,
296,Unknown,10,11.3,12.4,,18.9,,,3,,5,0.007462687,
297,Domestic,10,98.2,47.1,,5,,,3,,5,0.720895522,
298,Unknown,2.6,43.5,40.8,,5,,,2.1,,5,6.314925373,
299,Unknown,7.7,81.6,5.015,,3.8,,,3,1.166,2809.89611,54.3865027,
300,Domestic,6,10.4,2.565,,20,,,7.5,,5,5.980597015,
301,Unknown,10,39,60.4,,5,,,3,,13.9,15.09253731,
302,Agriculture,8.8,5,2.395,,20,,,3.5,,5,2.849253731,
303,Unknown,10,152,54.2,,5,,,3,,5,3.853731343,
304,Unknown,0.41,198,29.2,,5,,,3,,4.28,4.776119403,
305,Unknown,11,46.6,13.6,,5,,,25.4,0.114,38,59.70149254,
306,Unknown,8.4,26.2,52,,5,,,3,,5,11.28208955,
307,Unknown,6.7,2.3,8.87,,5,,,2.9,,8.8,5.094029851,
308,Unknown,75,3,0.805,,5,,,3,,109.6644747,12.94179104,
309,Unknown,31.233905,67,17.05,,5,,,3,,29.87292905,12.16722106,
310,Unknown,30.8215198,30.5,62.6,,5,,,3,,25.4424867,11.6711158,
311,Unknown,10.9,4.2,30.15,,8,,,3,,8.4,4.820895522,
312,Unknown,3.2,1020,51.8,,5,,,3,,5,,
313,Unknown,4.109735233,3,9.98,,5,,,3,,5,6.51641791,
314,Unknown,10,8.4,30.8,,5,,,3,,5,1.911940299,
315,Unknown,5.850780604,6.7,13.3,,5,,,4.1,,5,3.180597015,
316,Unknown,4.892519741,1030,53.7,,5,,,3,,5,0.546767655,
318,Unknown,3.6,0.8,20.9,,5,,,5.6,,3.6,3.082089552,
319,Unknown,5,2,0.62,,5,,,3,,5,0.274626866,
320,Unknown,10,2,17.9,,5,,,3,,2.5,2.02238806,
321,Unknown,4.5,3.1,49.3,,5,,,3,,5,7.132835821,
322,Unknown,2.6,17.9,14.9,,5,,,3,,5,1.27761194,
323,Unknown,2,1060,53,,5,,,3,,5,0.108955224,
324,Domestic,21.4,2.1,8.9,,5,,,3,,5,20.27164179,
325,Unknown,9.337629763,15.6,2,,5,,,3,,5,2.249253731,
326,Unknown,,17.5,7.85,,5,,,3,,9.7,10.60447761,
327,Unknown,19.9,2.5,24.15,,5,,,3,,12.3,11.7238806,
328,Unknown,6.3,2,36,,5,,,3,,4,10.41641791,
329,Unknown,3,0.74,58.1,,5,,,3,,1.7,10.93731343,
330,Unknown,6.1,26,42.5,,5,,,3,,6.5,6.640298507,
331,Unknown,14.3,5.7,22.6,,5,,,3,,12.8,8.285074627,
332,Unknown,4.2,0.32,45.6,,5,,,3,0.78,4.4,179.1044776,
333,Unknown,16.4,8,1.2,,5,,,3,,5,0.125373134,
334,Unknown,2.4,0.86,52.5,,5,,,3,,5,6.849253731,
335,Unknown,28.5,1.3,7.6,,4.841817729,,,3,,29.07474723,10.7718739,
336,Unknown,2.4,1080,53.9,,5,,,3,,5,0.029850746,
337,Domestic,110,32.7,2.1,,5,,,3.3,0.304,5,13.47761194,
338,Domestic,19,11,120,,5,,,3,,33.76313455,23.18358209,
339,Unknown,52,5,1,,20,,,5,,44,1.185481457,
340,Unknown,,14.1,509,,5,,,3,0.2,149,284.6716418,
341,Unknown,10,1120,55.1,,5,,,3,,5,0.331343284,
342,Domestic,237,15.6,1.8,,20,,,2,0.3194,190,50.34626866,
343,Unknown,11.6,32.4,20.9,,5,,,3,,3.6,18.61343284,
344,Unknown,10,1210,56,,5,,,3,,5,0.086567164,
345,Domestic,170,6,2.815,,20,,,3,,170,5.750746269,
346,Unknown,10,13.9,9.18,,5,,,2.4,,4.4,7.467164179,
347,Unknown,10,12.5,21.1,,5,,,3,,25.9,12.15522388,
348,Unknown,6,87.5,16,,10.2,,,3,,3.2,24.4641791,
350,Unknown,3.5,88.2,56.6,,5,,,3,,2.9,16.10447761,
351,Unknown,10,99.9,86.2,,5,,,2.4,,5,16.52985075,
352,Livestock,10,9.1,52.4,,5,,,3,,5,108.9701493,
353,Unknown,6.2,21.8,112,,5,,,1.3,,5,0.488059701,
354,Unknown,10,20.1,271,,5,,,3,2.55,39.8616919,98.50746269,
355,Domestic,10,7.6,178.5,,20,,,3,,17.91369187,11.05373134,
356,Unknown,10,11.1,11.7,,4.8,,,3,,208,18.76716418,
357,Unknown,10,45.5,176,,5,,,3,5.77,93.68896105,157.1843347,
358,Unknown,10,99.9,106,,5,,,3,,3.3,13.86268657,
359,Unknown,2.8,58.3,145,,2.8,,,9.7,,6.9,20.3119403,
360,Unknown,10,7.2,210,,5,,,3,,5,1.48358209,
361,Unknown,10,28.9,402,,5,,,3,,2.5,7.653731343,
362,Unknown,10,84.7,56.3,,5,,,1.3,,5,8.435820896,
363,Unknown,44.1,8.2,3.63,,17.1,,,2.3,,5,25.36567164,
364,Unknown,10,51.2,80.1,,5,,,3,,19.2,13.90597015,
365,Unknown,10,42.4,27.8,,5,,,3,,2.9,59.58358209,
366,Unknown,3.4,44.5,544,,17.3,,,6.3,,5,89.64179104,
367,Unknown,10,15.2,451,,5,,,1.5,,69.4,70.33731343,
368,Livestock,28.5,3.7,0.997,,29.7,,,1.7,,5,17.87462687,
369,Domestic,10,18,3.75,,20,,,15.9,,5,3.62238806,
370,Livestock,10,10.8,11.5,,5,,,3,,13.82261682,1.427623029,
371,Unknown,5.3,2.2,0.667,,10.8,,,3.7,,5,3.394029851,
372,Unknown,10,20.1,120,,5,,,3,,4.3,3.780597015,
373,Domestic,10,20.5,475.5,,20,,,2.4,,5,1.67761194,
374,Unknown,17.2,4.1,1.95,,4.9,,,3,,5,1.586567164,
375,Unknown,10,52.8,34.2,,5,,,3,,5,8.497014925,
376,Unknown,10,4.2,11.1,,5,,,3,,5,24.74627833,
377,Unknown,10,79.2,120.5,,20,,,3,,2.7,8.311940299,
378,Unknown,10,374,100,,5,,,3,,5,15.01641791,
379,Unknown,10,246,110,,5,,,2.5,,5,13.31641791,
380,Unknown,10,271,75.2,,5,,,3,,5,11.13134328,
381,Unknown,2.7,115,64.4,,5,,,3,,5,12.58208955,
382,Unknown,10,147,64.8,,5,,,3,,5,11.58358209,
383,Domestic,10,65.1,55.3,,5,,,3.6,,4.2,14.6761194,
384,Unknown,282,763,77.3,,5,,,17.4,,6.5,33.46567164,
385,Livestock,5.2,137,55.6,,6,,,75.1,,5,14.17313433,
386,Unknown,10,954,57.5,,5,,,3,,5,0.120895522,
387,Unknown,4.7,75.4,25.95,,5,,,3,1.216,5,28.87163508,
388,Unknown,55,63,8,,5,,1.68506046,3,,5.1,47.42,
389,Unknown,31.9,55.1,5.67,,5,,,3,,6.2,34.82089552,
390,Unknown,82.00753309,23,4.913454228,,5,,6.36900538,4,,31.10448341,187.9299094,
391,Unknown,20,32.2,14.9,,20,,,11,,5,12.46716418,
392,Unknown,10,45.2,51,,5,,,4.9,,5,12.73731343,
393,Domestic,10,28.6,98.5,,5,,,3,,5,3.276119403,
394,Unknown,10,30.5,66.8,,5,,,3,,5,3.935820896,
395,Domestic,10,26.1,52.9,,5,,,3,,32.52656914,14.88370905,
397,Unknown,3.3,16.8,52.5,,5,,,3,,5,4.164179104,
398,Unknown,47,30.7,57.1,,5,,,1.1,,5,2.873134328,
400,Domestic,10,1.7,4.97,,5,,,3,,5,0.323880597,
401,Domestic,10,38.8,56.41853032,,5,,,3,,5,0.34,
402,Domestic,10,49.7,25.53264597,,5,,,3,,5,0.51567104,
403,Unknown,10,8.8,32.1,,5,,,3,,5,3.632835821,
404,Unknown,3.9,121,30.1,,5,,,3,,5,4.140298507,
405,Unknown,6.6,72.6,51.59059674,,5,,4.85259798,3,,14.45112152,55.18694266,
406,Unknown,2.8,91.3,32.4,,5,,,3,,5,6.734328358,
407,Unknown,10,26.3,19.4,,5,,,3,,5,5.08358209,
408,Unknown,10,99.5,23.7,,5,,,3,,5,3.473134328,
409,Unknown,3.8,55.1,28.5,,5,,,3,,5,5.268656716,
410,Unknown,3.4,95.2,64,,5,,,3,,3.4,6.252238806,
411,Unknown,2.6,46.6,25.8,,5,,,3,,5,1.494029851,
412,Livestock,7.3,16.2,5.53,,5,,,3,,5,1.011940299,
413,Unknown,10,60.3,74.2,,5,,,3,,8.2,31.04925373,
414,Unknown,30.8,365,112,,18.7,,,81.8,,5.4,4.521492537,
415,Unknown,5.2,76.4,23.73134508,,5,,9.09730811,3,,5,1.892289662,
416,Unknown,2.7,98.6,36.1,,5,,,3,,4.2,19.05074627,
417,Unknown,2.7,71.7,29.7,,5,,,3,,5,2.12238806,
418,Unknown,4.1,209,66.6,,5,,,2.6,,5,0.210447761,
419,Unknown,13.32261943,53.2,1.263202956,,10.6,,,3,,38.08320721,11.24328358,
420,Unknown,4.6,41.3,31.9,,5,,,3,,5,2.898507463,
421,Unknown,10,13.4,305.8334922,,5,,30.60312059,3,,79.87044953,24.80462351,
422,Unknown,7.6,258,17.5,,5,,,3,,5,3.007462687,
423,Unknown,10,10.4,551,,5,,,3,,35.7,20.98059701,
424,Unknown,10,0.57,21.63958992,,5,,,3,,5,2.388059701,
425,Domestic,1.636977035,23.4,35.8,,5,,,1.2,,5,1.194029851,
426,Unknown,0.54,34.4,29.8,,5,,,2.1,,1.3,5.223880597,
427,Livestock,0.59,1.2,3.57,,5,,,1.3,,5,1.641791045,
428,Domestic,10,32.2,137.6664124,,5,,1.50010756,0.66,,1.6,5.671641791,
429,Unknown,1.3,21.8,146,,5,,,2.39,,5,1.641791045,
430,Unknown,8.86,207,59.8,,5,,,3,,9.81,42.3880597,
431,Unknown,5.4,13.4,6.95,,5,,,3,,5.74,19.70149254,
432,Unknown,8.47,159,51,,6.2,,,11.5,,2.06,5.223880597,
433,Unknown,6.82,143,18.7,,5.8,,,2.86,,15.1,28.05970149,
434,Unknown,9.03,18.5,24.4,,5,,,3,,3.2,37.68,
435,Unknown,39.60763034,73,6.4,,7.5,,1.200073031,7.9,0.894,43.97644239,69.25373134,
437,Domestic,10,58.1,51.5,,5,,,3,,5,9.92238806,
438,Livestock,18.3,8.8,1.04,,5,,,1.2,,5,13.55373134,
439,Unknown,10,57.9,96,,5,,,3,,11.7,68.39552239,
440,Unknown,10,38.7,2.2,,5,,,3,,5,0.67761194,
441,Livestock,10,49.3,41.6,,4.2,,,1.8,,5,11.19402985,
442,Livestock,10,68.2,29.5,,5,,,3,,5,0.41641791,
443,Unknown,4.2,41.4,18.1,,5,,,3,,5,10.6358209,
444,Unknown,10,121,74.7,,5,,,3,,5,4.770149254,
445,Unknown,10,101,67.2,,3.6,,,3,,5,4.47761194,
446,Domestic,10,213,83.7,,5,,,4.8,,5,10.52537313,
447,Unknown,10,146,69.8,,5,,,3.2,,5,3.6,
448,Unknown,10,241,73.4,,5,,,3,,5,4.719402985,
449,Domestic,10,186,70.4,,5,,,3,,5,3.682089552,
450,Livestock,10,183,74.9,,5,,,2.2,,5,2.729850746,
451,Unknown,2.6,183,75.8,,5,,,3,,5,4.570149254,
452,Unknown,10,137,88.1,,5,,,1.2,,5,3.644776119,
453,Unknown,10,61.7,71.7,,5,,,3,,5,5.17761194,
454,Domestic,4.8,245,107,,5.3,,,67.8,,5,4.364179104,
455,Unknown,10,97.2,76.6,,5,,,3,,5,5.823880597,
456,Unknown,10,101,81.8,,5,,,1.4,,5,9.373134328,
457,Unknown,3.6,203,42.6,,3.4,,,11.5,,5,22.91940299,
458,Unknown,11.4,312,101,,5,,,3,,12.6,45.32089552,
459,Unknown,9.1,108,4.69,,5,,,2.6,,5,0.208955224,
460,Unknown,6.6,221,69.9,,5,,,2.8,,5,24.10149254,
461,Unknown,9.7,194,15.4,,5,,,1.7,,5,13.30447761,
462,Domestic,4.3,84.4,45.4,,12.1,,,100,,5,5.494029851,
463,Domestic,10,15.2,58.3,,5,,,3,,5,7.640298507,
464,Unknown,6,254,53,,5,,,3,,5,10.88059701,
468,Unknown,3.5,37,64.9,,5,,,3,,5,6.6,
469,Unknown,10,402,130,,5,,,3,,5,27.15820896,
470,Domestic,9.8,241,64.9,,5,,,3,,8.5,124.9358209,
471,Unknown,5.7,371,41.8,,5,,,1.4,,5,11.48507463,
472,Unknown,7.2,140,62.4,,5,,,10,1.718,23,61,
473,Unknown,5.1,92.4,66.7,,5,,,3,,21.7,21.62238806,
474,Unknown,5.8,55.2,46.1,,5,,,3,,34.3,34.92537313,
475,Unknown,4.1,144,10.2,,5,,,3,,5,0.047761194,
476,Unknown,8,210,81.2,,5,,,3,,5,187.0746269,
477,Unknown,10,44.2,13.9,,5,,,8.9,,5,0.888059701,
478,Unknown,4.2,149,37.8,,5,,,3,,5,15.09552239,
479,Unknown,3.2,137,57.8,,20,,,3,,5,25.95671642,
480,Unknown,4.1,119,31.3,,5,,,3,,5,13.07462687,
481,Unknown,10,91,55.7,,5,,,1.2,1.736,5,4.594029851,
482,Unknown,6.06,63.3,44.5,,5,,,0.85,,7.4,16.56716418,
483,Unknown,11.4,17,1.02,,3.2,,,3,,2.2,27.6119403,
484,Unknown,26,28.3,2.155,,20,,,3,,6,13.58208955,
485,Livestock,2.3,87.9,9.55,,5,,,3,,31.7,10.89552239,
486,Livestock,2.7,34.3,58.3,,5,,,3,,0.62,113.4328358,
487,Livestock,10,40.6,53.55,,5,,,3,6.209,5.7,48.20895522,
488,Livestock,10,80.2,21.25,,5,,,3,2.688,5,40.59701493,
489,Livestock,10,20.4,76.2,,5,,,3,2.16,5,30.29850746,
493,Unknown,10,19.3,46.8,,0.33,,,3,,4.3,0.344776119,
494,Unknown,7.89,147,51,,5,,,3,,5.14,48.95522388,
495,Unknown,4.21,299,44.1,,5,,,3,,1.7,14.32835821,
496,Unknown,10,2.5,0.3,,5,,,3,,5,1.791044776,
497,Unknown,10,15.9,29,,3.7,,,3,,5,1.194029851,
498,Unknown,10,40.4,23,,5,,,3,,5,13.58208955,
499,Unknown,,,,,,,,,0.5,,,
500,Domestic,,35,43,,20,,,1,,1,2,
501,Unknown,20,24,33.6,,2.6,,,1.2,3.566,25,35,
502,Domestic,,,99,,,,1.3,,,,,
503,Domestic,,30,119,,20,,,1,,1,25.71268263,
504,Unknown,,,,,,,,,,,,
505,Domestic,,,,,,,,,,,,
506,Domestic,,,,,0.394025886,,,0.066418355,,23.32002989,12.23151026,
509,Unknown,234.4223967,,2.363374054,,1.803238435,,19.76875445,0.066418355,,27.89945409,560.170256,
511,Unknown,1.42720854,,27.1318495,,2.085860471,,4.71067835,0.056781058,,,18.4827539,
512,Livestock,8.665189383,35,51,,15,19,9.37709689,40,,15.74089631,6.67,
513,Unknown,,26,2.5,,5,60,,10,,,,
524,Unknown,1,30,24.5,,,,0.12,,,,,
541,Unknown,10,0.77,52.6,,5,,,1.8,,5,7.97761194,
542,Unknown,3.671790665,1.1,45.8,,5,,,3,,3.7,9.958087285,
543,Unknown,6.6,773,8.676926346,,27,,25.54069037,51.3,0.43,21.6,,
544,Livestock,7.54,8.24,373,,1.16,,,3.3,,43.8,,
545,Unknown,37.6088167,4.96,0.8215,,1.9,,,4.03,0.522,43.05024473,26.58356165,
546,Domestic,5,98,45.8,,1,,,3.3,3.853,5,3.3,
547,Unknown,20,6.38,8.765,,1,,,3.3,0.59,5,2.5,
550,Unknown,1.8,260,137.6,,0.5,,,1,4.428,1.2,3.6,
551,Unknown,0.52,6.6,2.4,,0.5,,,1,0.13,0.5,2.5,
552,Unknown,40,23,5.85,,1.2,,,1,3.953,9.4,130,
553,Unknown,0.5,53,16,,0.5,,,1,1.304,0.5,2.5,
554,Unknown,5.3,69,33,,1.7,,,320,0.695,0.9,5.2,
555,Unknown,6.1,62,20,,2.4,,,1,1.603,4.7,7.8,
556,Unknown,8,30,41,,0.5,,,2.4,0.737,3.6,4,
557,Unknown,7.5,49,4.9,,0.5,,,1,1.248,3.5,5.7,
565,Livestock,2,320,98,,20,,,1,,2,1,
566,Domestic,3,320,103.5,,20,,,1,,3,1,
567,Domestic,13,5,16.5,,20,,,1,,13,3,
569,Domestic,8.596178123,9,110,,20,,,1,,231.9363229,100,
570,Unknown,2.117878243,140,190,,20,,,1,,1,7.686294178,
571,Unknown,1,50,99,,20,,,1,,1,1,
574,Domestic,27.74031679,,,,1.427561298,,,0.665410662,,58.09214847,52.20423942,
575,Domestic,109.7912709,,,,0.457542534,,,0.210780201,,35.02247349,21.42820064,
576,Domestic,2,350,98,,20,,,3,,2,4,
577,Unknown,4,760,108,,20,,,1,,4,1,
584,Unknown,1,160,210,,20,,,1,,1,6,
586,Unknown,1,430,150,,20,,,1,,1,1,
587,Unknown,1,400,240,,20,,,1,,1,1,
589,Domestic,2.47549317,79,31.5,,20,,,2,,1,7,
590,Domestic,1.853227467,,,,,,,,,,9.449216359,
591,Livestock,3,57,48,,20,,,1,,1,1,
592,Unknown,1.8714458,110,100,,20,,,1,,1,4,
593,Unknown,1,9,290,,20,,,1,,1,12,
594,Domestic,1,7,190,,20,,,1,,1,1,
595,Livestock,1,18,59,,20,,,1,,1,1,
596,Unknown,4,150,130,,20,,,1,,4,1,
597,Unknown,1,27,400,,20,,,1,,1,1,
598,Unknown,1,43,49,,20,,,1,,2,3,
599,Livestock,1,16,15,,20,,,2,,8,4,
600,Domestic,1,53,26,,20,,,1,,1,1,
601,Livestock,1,51,55,,20,,,1,,1,1,
603,Domestic,9,420,170,,20,,,1,0.118,9,4.5,
604,Domestic,1,2400,190,,20,,,1,,1,1,
605,Domestic,38.61310825,13,25,,20,,,1,,32,9.434892715,
606,Unknown,1.869367269,6,710,,20,,,1,,1,26.79608293,
607,Livestock,,,,,,,,,,,,
608,Livestock,1,85,66,,20,,,1,,2,5,
609,Domestic,1,44,110,,20,,,1,,2,1,
610,Unknown,1,42,61,,20,,,1,,1,2,
611,Unknown,2,43,63,,20,,,1,,1,1,
612,Unknown,1,510,100,,20,,,1,,1,1,
613,Domestic,1,310,150,,20,,,1,,1,1,
614,Unknown,1,580,150,,20,,,1,,1,1,
615,Unknown,1,43,370,,20,,,2,,1,1,
616,Domestic,1,320,150,,20,,,1,,1,1,
617,Domestic,1,14,180,,20,,,1,,1,15,
619,Domestic,1,30,100,,20,,,1,,1,2,
620,Unknown,,,,,,,,,,,,
621,Livestock,1,170,75,,20,,,1,,1,1,
623,Livestock,1,220,160,,20,,,1,,1,2,
624,Domestic,16,14,14,,20,,,1,,16,1,
625,Domestic,23.24889522,12,34,,20,,,1,,17,1,
628,Unknown,1,56,160,,20,,,1,,1,2,
629,Unknown,3,240,230,,20,,,1,,3,2,
630,Domestic,19.13652011,120,160,,20,,,1,,2,30.53656107,
633,Livestock,40.02272086,11,4,,20,,,9.503793832,,39,11.34,
634,Agriculture,2,76,60,,20,,,1,,1,6,
635,Livestock,18.92883136,30,11,,20,,,2,,42.88544893,10.46506682,
637,Domestic,1,110,120,,20,,,1,,3,6,
638,Domestic,2,110,83,,20,,,1,,1,4,
639,Livestock,1.5270394,9,230,,20,,,1,,1,1,
640,Domestic,2,25,360,,20,,,1,,1,1,
641,Unknown,3,180,180,,20,,,1,,2,7,
642,Livestock,17,120,54,,20,,,1,,2,22,
643,Livestock,2.305078165,57,37.6,,20,,,1,0.316,11.03825218,4.639899244,
644,Domestic,18,110,27.15,,20,,,1,,1,3,
645,Unknown,6,28,18,,20,,,1,,2,1,
646,Unknown,21,6,6.8,,20,,,3,,1,1,
647,Livestock,55,22,5,,20,,,1,,1,15,
648,Domestic,3,34,9.35,,20,,,1,,1,9,
649,Livestock,1,18,60,,20,,,1,,1,1,
650,Livestock,19.2878563,13,5.5,,20,,,6.571332311,,1,11.1530006,
651,Domestic,4,14,3.75,,20,,,68,0.511,140,700,
652,Unknown,1,20,58,,20,,,1,,1,1,
653,Municipal,1,46,35,,20,,,1,,1,6,
654,Domestic,21,8,2.8,,20,,,3,,9,51,
655,Unknown,1,79,52,,20,,,1,,1,26,
656,Unknown,1,89,58,,20,,,1,,17,27,
657,Unknown,1,23,60,,20,,,2,,1,1,
658,Unknown,1.53,,,,,,,,,,7.992445351,
659,Livestock,2,48,15,,20,,,1,,1,14,
660,Unknown,2,170,120,,20,,,1,,1,14,
661,Unknown,1,36,120,,20,,,1,,4,28,
662,Unknown,1,23,57,,20,,,4,,1,1,
663,Livestock,1,47,73,,20,,,1,,1,1,
664,Unknown,1,38,59,,20,,,1,,1,1,
665,Unknown,1,35,71,,20,,,1,,1,1,
668,Unknown,1,76,56,,20,,,3,,1,1,
670,Unknown,3,130,96,,20,,,1,,1,3,
671,Domestic,1,69,65,,20,,,1,,1,1,
672,Domestic,1,13,63,,20,,,1,,1,1,
673,Unknown,4,29,69,,20,,,1,,14.95907902,1.142862707,
674,Unknown,4,39,49,,20,,,1,,12.7951342,1.299183469,
675,Domestic,1,140,74,,20,,,1,,1,1,
676,Unknown,4,330,135.5,,20,,,1,,2,3,
678,Unknown,2,49,56,,20,,,1,,1,1,
679,Unknown,2,120,110,,20,,,1,,2,16,
680,Livestock,4,5,2.5,,20,,,2,,1,7,
681,Unknown,3,5,5,,20,,,2,,1,4,
682,Livestock,6,5,3.05,,20,,,7,,3,2,
683,Domestic,1,12,20,,20,,,3,,1,1,
684,Municipal,8,5,4.2,,20,,,5,,1,3,
685,Agriculture,5,5,1.95,,20,,,3,,1,2,
687,Livestock,2,94,38,,20,,,1,,1,15,
688,Livestock,2,27,82,,20,,,1,,5,46,
692,Other,,,2,,,,,,,,,
857,Livestock,,,16,,,,,,,,,
858,Livestock,,,,,,,,,,,3.134328358,
860,Livestock,,,,,,,,,,,4.626865672,
861,Livestock,,,,,,,,,,,3.880597015,
862,Livestock,,,,,,,,,,,2.537313433,
864,Livestock,,,,,,,,,,,3.582089552,
865,Livestock,,,,,,,,,,,2.835820896,
867,Livestock,,,,,,,,,,,2.537313433,
868,Livestock,,,22,,,,19,,,,,
870,Livestock,,,49,,,,,,,,0.567164179,
872,Livestock,,,,,,,,,,,1.417910448,
873,Livestock,,,,,,,,,,,2.835820896,
875,Domestic,,,35,,,,,,,,2.388059701,
876,Livestock,,,,,,,,,,,1.791044776,
877,Livestock,,,,,,,,,,,2.089552239,
878,Livestock,,,,,,,,,,,1.328358209,
879,Livestock,,,4.9,,,,6.2,,,,,
880,Livestock,,,6.9,,,,4.8,,,,,
883,Municipal,,,56,,,,,,,,,
884,Livestock,,,76,,,,0.09,,,,,
885,Livestock,,,,,,,,,,,3.880597015,
887,Livestock,,,,,,,,,0.45,,94.02985075,
891,Livestock,,,,,,,,,,,1.343283582,
892,Livestock,,,43,,,,,,,,2.537313433,
893,Livestock,,,48,,,,,,,,0.701492537,
894,Municipal,,,120,,,,,,,,5.52238806,
919,Other,2.89875931,,,,,,,,,,2.113701249,
920,Domestic,,,113,,,,,,,,,
940,Other,,,,,,,,,,,,
941,Domestic,3,40,10,,,,,,,,,
946,Municipal,,,34,,,,,,,,,
947,Livestock,,,244,,,,,,,,,
950,Domestic,17,4,2.5,,,,,,,,,
951,Unknown,21,,3,,,,,,,,,
952,Agriculture,12,,3.4,,,,,,,,,
953,Municipal,36,,2.9,,,,,,,,,
954,Domestic,12,100,3.095,,10,,,,,0.4,0.04,
956,Municipal,,,24,,,,,,,,,
957,Agriculture,19,,3.4,,,,,,,,,
958,Domestic,15,,3.1,,,,,,,1,,
959,Municipal,13,,21.25,,,,,,,,,
960,Municipal,,,,,,,,,,,,
961,Unknown,19,4,3,,,,,,,,,
962,Other,6,,3.6,,,,,,,,,
963,Livestock,68.6,,1.85,,,,,,,1,0.395,
964,Livestock,55,,,,,,,,,1,,
965,Livestock,,,,,,,,,,,,
966,Livestock,6,,180,,,,,,,,,
967,Domestic,,,3.65,,,,,,,,,
977,Domestic,3.53138992,,18.43007991,,0.683956096,,5.70754009,2.645135697,,,1.603135354,
980,Other,0.739635884,,22.13238971,,,,,,,,0.657208982,
981,Domestic,2.411414958,,15.11899232,,,,,,,,0.357626908,
987,Domestic,2.23238964,,17.35487076,,,,,,,,0.766154807,
988,Domestic,3.501129964,,26.11053708,,,,,,,,0.675030133,
989,Domestic,1.923606593,,47.43333169,,,,,,,,1.604548004,
993,Domestic,1.563534099,,24.44342165,,,,8.48813319,,,,1.475382268,
996,Domestic,4.333772687,,16.77862961,,,,1.33767486,,,,0.726565038,
998,Unknown,2.784473543,,,,,,,,,,1.162353969,
999,Domestic,1.059858,,32.77388686,,,,,,,,2.64507327,
1001,Domestic,2.006428727,,18.60749788,,,,,,,,0.630943085,
1002,Domestic,0.085240545,,,,,,,,,,0.989007961,
1010,Domestic,2.008170992,,18.31558448,,,,,,,,0.740680729,
1011,Domestic,1.003286549,,2.484092937,,,,,,,,0.639583568,
1013,Unknown,1.37408022,,16.59577375,,,,,,,,0.351586017,
1016,Domestic,1.43078533,,21.6739636,,,,,,,,1.162752025,
1025,Domestic,1.649069852,,14.8539032,,,,13.29228837,,,,0.684491633,
1028,Domestic,2.221243662,,,,0.614912347,,,3.025878867,,,0.913671368,
1032,Domestic,1.053265751,,19.5735396,,,,,,,,0.435049095,
1033,Unknown,0.84624827,,,,,,,,,,2.934678121,
1035,Domestic,1.693711366,,26.51052667,,,,,,,,5.066758241,
1041,Unknown,1.927035203,,14.28373137,,0.463381003,,,0.113796054,,,0.481906077,
1042,Domestic,0.881578199,,11.25312748,,,,4.93442475,,,,6.59076635,
1050,Unknown,,,30,,,,,,,,,
1080,Domestic,4.372068792,,37.22821813,,1.03312908,,1.68407956,2.294501111,,,0.824263815,
1083,Domestic,,,47,,,,,,,,,
1084,Domestic,,,,,,,,,,,,
1085,Domestic,,,,,,,,,,,,
1092,Domestic,1.347313597,,22.41932783,,,,,,,,0.824615822,
1093,Domestic,1.494543942,,,,,,,,,,0.67,
1094,Domestic,1.485789272,,,,,,,,,,0.55,
1099,Livestock,1.312055034,,27.30649937,,,,,,,,0.973040302,
1100,Domestic,1.420938574,,,,,,,,,,0.77,
1102,Domestic,1.401018808,,30.66844308,,,,3.73336608,,,,0.919071815,
1111,Livestock,1.87043353,,27.8997912,,,,,,,,0.378649224,
1117,Domestic,2.519389878,,,,0.71339741,,,0.696487529,,,1.174826485,
1150,Livestock,,,,,,,,,1.66,,5.373134328,
1180,Domestic,0.2,,,,,,,,,,3.22,
1181,Domestic,9.949842058,,13.97695687,,0.197713601,,4.23047478,0.066418355,,13.51608104,3.093630159,
1187,Other,1.555039976,,20.36815287,,,,6.23821839,,,,0.778705846,
1193,Domestic,2.063817121,,21.91894783,,,,,,,,0.758738913,
1194,Domestic,1.208650361,,16.51521355,,,,2.7909553,,,,0.679147293,
1195,Domestic,1.7541543,,28.40778361,,0.797012595,,20.5855995,0.24083441,,,4.622876379,
1197,Domestic,1.620338005,,30.65440129,,,,0.66942006,,,,0.534255316,
1198,Domestic,22.22698876,,88.60620017,,0.340453867,,51.47212342,0.066418355,,22.07537624,3.233543266,
1199,Domestic,2.589429437,,19.63051176,,,,,,,,0.614704286,
1201,Other,1.662643616,,14.03509779,,,,,,,,1.564943877,
1224,Domestic,4.143035125,,28.35089292,,0.685388795,,,0.056781058,,,3.584880714,
1225,Domestic,13.13490884,,,,,,,,,,182.3732461,
1226,Other,5.27612086,,16.22322118,,,,,,,,2.872997651,
1229,Domestic,2.3411231,,37.69690935,,,,38.13012095,,,,4.997810191,
1230,Domestic,11.86804769,,,,,,,,,,1.157639328,
1239,Municipal,2.38,,,,,,,,,,6.01,
1240,Unknown,14.5494409,,38.19532487,,,,237.5641798,,,,20.9942577,
1249,Unknown,,,,,,,,,,,5.373134328,
1263,Domestic,1,7,800,,20,,,1,,1,7,
1264,Municipal,1.44413852,,,,,,,,,,6.03217715,
1265,Domestic,6.111343852,,,,0.143131185,,,0.066418355,0.7,25.5124462,0.640153819,
1267,Domestic,3.296158566,,,,,,,,,,0.737787977,
1276,Domestic,2.1750688,,,,0.275410841,,,0.066418355,,29.13453605,0.72501757,
1277,Domestic,62.11937254,,,,0.340165017,,,0.066418355,,16.289544,0.861248291,
1278,Domestic,1.735597366,,,,,,,,,,0.57074669,
1281,Domestic,5.962556076,,,,1.105335644,,,0.066418355,,17.92352171,0.97138588,
1284,Domestic,0.121203103,,,,0.485414819,,,0.410621685,,,0.318301552,
1289,Domestic,1,10,970,,20,,,1,,1,1,
1294,Domestic,0.473531871,,,,0.395803598,,,0.056781058,,,0.2045567,
1298,Livestock,26,7.5,8.7,,20,,,2,0.524,4,1,
1304,Livestock,0.199132584,,,,0.397034777,,,0.056781058,,,0.19735617,
1305,Other,,,,,,,,,,,4.029850746,
1319,Domestic,,,,,,,,,,,4.47761194,
1323,Domestic,,,,,,,,,,,4.328358209,
1325,Livestock,0.954806546,,76.59521843,,1.123793506,,2.79176126,0.066418355,,19.46142848,4.328358209,
1328,Livestock,,,,,,,,,,,4.776119403,
1348,Domestic,12.4108928,,87.90649926,,3.008687407,,,0.066418355,,21.85442359,5.18435294,
1350,Domestic,6.767352174,,87.47557593,,0.991031368,,6.61532195,0.066418355,,17.97542921,4.617574003,
1355,Unknown,9.184983046,,,,,,,,,,2.59,
1371,Domestic,2.456941976,,92.53779818,,0.506217228,,,0.066418355,,17.43552627,4.925373134,
1372,Livestock,,,,,,,,,,,5.074626866,
1381,Livestock,7.373903294,,86.7132208,,0.902553151,,5.89179778,0.066418355,,20.80742011,3.880597015,
1394,Domestic,3.885951948,,80.41834653,,0.723553636,,5.77000684,0.066418355,,17.1735356,3.592795775,
1396,Unknown,1.060209341,,7.088345894,,1.705222715,,1.94256731,0.066418355,,30.23971851,5.399374111,
1397,Livestock,11.95880395,,92.3239617,,1.240014284,,10.66477539,0.066418355,,18.2432988,4.328358209,
1403,Unknown,39.42769655,,46.80020688,,0.108638354,,47.08060352,0.066418355,,25.62073406,2.007808241,
1424,Domestic,16.59183156,,,,,,,,,,0.32,
1425,Domestic,3.444808353,,,,,,,,,,0.94,
1429,Domestic,7.27175542,,,,0.72363055,,,0.098096122,,30.64528513,9.98,
1434,Domestic,7.95184688,,,,0.372054793,,,0.26258087,,15.450536,0.928749494,
1437,Livestock,5.861996711,,,,,,,,,,0.71,
1439,Domestic,5.372950684,,,,,,,,,,0.58871969,
1459,Domestic,16.91251686,,,,1.663967137,,,0.066418355,,97.74872783,34.95057041,
1472,Unknown,3.845781158,,,,0.453540544,,,1.107918306,,,10.37051669,
1475,Livestock,7.728774808,,,,,,,,,,1.36,
1504,Livestock,5.387816068,,,,0.279437224,,,0.136158094,,16.5535518,7.438173657,
1528,Livestock,2.981333455,,,,,,,,,,17.96005889,
1530,Livestock,,,75.7,,,,,,,,,
1531,Livestock,,,,,,,,,,,,
1532,Livestock,,,64.8,,,,,,,,,
1533,Livestock,,,69,,,,,,,,,
1534,Livestock,,,70.45,,,,,,,,,
1538,Livestock,0.821714333,,,,,,,,,,1.662346944,
1539,Livestock,,,143,,,,,,,,,
1544,Livestock,,,123,,,,,,,,,
1554,Livestock,,,412.5,,,,,,,,,
1557,Domestic,,,84,,,,,,,,,
1558,Livestock,,,75.05,,,,,,,,,
1564,Domestic,,,63.3,,,,,,,,,
1565,Livestock,,,,,,,,,,,,
1567,Livestock,1.376916717,,,,,,,,,,1.79,
1569,Livestock,,,,,,,,,,,,
1570,Livestock,,,,,,,,,,,,
1571,Livestock,,,,,,,,,,,,
1572,Livestock,,,,,,,,,,,,
1573,Livestock,,,241,,,,,,,,,
1576,Livestock,,100,290,,,,,,,,,
1581,Livestock,3,5,3,,20,,,1,,1,3,
1582,Livestock,,,206,,,,,,,,,
1587,Livestock,2.392556432,,,,,,,,,,16.92304265,
1588,Livestock,11,19,24,,0.5,,,1,9.568,0.5,130,
1590,Livestock,1.699648355,62,26,,0.5,,,1,0.251,0.56,4.11,
1591,Livestock,5.22299711,,,,1.250872945,,,0.352409464,,11.58798257,2.316156765,
1629,Unknown,,,298,,,,,,,,,
1631,Unknown,,,585,,,,,,,,,
1736,Livestock,12.79006743,,,,0.474940159,,,2.523003779,,,3.1,
1739,Domestic,,,7.1,,,,,,,,,
1747,Livestock,,,17,,,,,,,,,
1752,Domestic,8,98,34,,20,,,1,,1,9,
1753,Domestic,1,72,34,,20,,,1,,1,3,
1770,Livestock,0.8,,,,,,,,,,0.76,
1775,Livestock,,100,11,,,,,,,,,
1776,Domestic,1,130,6,,20,,,1,,1,1,
1798,Domestic,6.03227124,,,,0.248664441,,,1.699701122,,11.88706436,1.816832067,
1812,Domestic,,,23,,,,,,,,,
1817,Livestock,,3,2.5,,,,,,,,,
1819,Unknown,23,,13,,,,,,,,,
1820,Domestic,,6,1.15,,,,,,,,,
1823,Other,,100,51,,,,,,,,,
1824,Municipal,4,100,7,,,,,,,,,
1828,Livestock,2.754521451,,,,,,,,,,0.4,
1832,Livestock,,,29,,,,,,,,,
1834,Unknown,,,33,,,,,,,,,
1835,Unknown,,,34,,,,,,,,,
1836,Unknown,,,70,,,,,,,,,
1837,Domestic,,,9.5,,,,,,,,,
1838,Unknown,,,43,,,,,,,,,
1840,Unknown,,,46,,,,,,,,,
1841,Unknown,,,36,,,,,,,,,
1850,Independent,,100,90,,,,,,,,,
1862,Domestic,1.81913957,22,220,,20,,,1,,15.03697156,1,
1864,Livestock,1,43,86,,20,,,1,,1,12,
1871,Domestic,1.425051819,70,130,,20,,,1,,15.16594828,2.061797502,
1872,Domestic,1,16,26,,20,,,1,,1,32,
1873,Livestock,2,60,99,,20,,,1,,1,10,
1875,Domestic,1,86,110,,20,,,1,,1,12,
1885,Unknown,1,29,49,,20,,,1,,5,21,
1888,Domestic,1.29243852,,,,0.119875034,,,0.066418355,,12.0117111,7.203859346,
1894,Domestic,12.00695164,19,17,,20,,,1,,16.09763946,26.59304277,
1901,Domestic,1,5,660,,20,,,1,,2,1,
1902,Recreation,1,81,541.5,,20,,,1,,2,26,
1905,Other,10,25.4,333,,4.2,,,2.3,,5,33.3119403,
1906,Other,0.420741291,,,,0.226240813,,,0.254304074,,31.53202934,17.31846557,
1907,Domestic,0.69,6.3,382,,0.5,,,1,0.92,2.4,31,
1908,Domestic,7.513287301,75,7,,20,,,1,,12.51894026,2.148235412,
1910,Domestic,9,22,57,,20,,,1,,31,11,
1913,Livestock,2,10,230,,20,,,2,,6,1,
1918,Livestock,1,12,225.6,,20,,,1,0.452,1,44,
1943,Domestic,4,190,99,,20,,,1,,6,4,
1944,Livestock,2,330,150,,20,,,1,,1,4,
1945,Domestic,1,23,220,,20,,,1,,13.99752946,1.322689458,
1946,Domestic,1,100,65,,20,,,1,,5,17,
1948,Unknown,4,70,19,,20,,,1,,2,9,
1953,Domestic,1,26,110,,20,,,1,,3,4,
1954,Unknown,1,110,120,,20,,,1,,4,9,
1959,Livestock,1,63,64,,20,,,1,,24.37476212,6.654371319,
1965,Unknown,,,,,,,,,,,,
1966,Domestic,1,20,88,,20,,,1,,1,6,
1967,Municipal,,,,,,,,,,,,
1968,Livestock,,,,,,,,,,,,
1969,Livestock,,,,,,,,,,,,
1970,Livestock,4,11,420,,20,,,1,,33.88007583,1,
1972,Unknown,1.004857236,,,,1.121743525,,,0.066418355,,13.88816169,0.670034649,
1977,Municipal,1,,,,,,,,,,,
1981,Municipal,,63,,,,,,,,,,
1982,Municipal,,,,,,,,,,,,
1983,Unknown,,,,,,,,,,,,
1984,Other,,,64,,,,,,,,,
1985,Domestic,,,,,20,,,,,,,
1987,Livestock,1,160,26,,20,,,1,,1,1,
1988,Domestic,,,,,,,,1,,,,
1989,Domestic,1,210,13,,20,,,3,,1,1,
1990,Domestic,,,,,,,,,,,,
1993,Domestic,1,230,14,,20,,,1,,1,1,
1994,Domestic,,,,,,,,,,2,,
1995,Domestic,1,5,140,,20,,,1,,16.23925964,1,
1996,Livestock,,,,,,,,,,,,
1997,Domestic,,,,,,,,,,,5,
1999,Domestic,2,180,23,,20,,,1,,1,1,
2003,Domestic,1,5,130,,20,,,1,,1,1,
2009,Domestic,1,68,150,,20,,,1,,12.10640638,1,
2011,Domestic,1,110,140,,20,,,1,,13.8459108,1,
2023,Unknown,1,9,260,,20,,,1,,1,1,
2024,Unknown,1,12,240,,20,,,1,,1,1,
2027,Unknown,1,95,21,,20,,,1,,1,1,
2028,Livestock,2.739038205,17,60,,20,,,1,,13.84269141,1,
2029,Livestock,6,20,245,,20,,,1,,16.31278444,1,
2033,Domestic,0.995940473,,,,0.049710986,,,0.066418355,,12.15318034,2.480079533,
2063,Other,,100,101,,,,,,,,,
2064,Other,,,8.5,,,,,,,,,
2067,Livestock,29,100,27.5,,1,,,1,,1,,
2070,Livestock,1.78988701,,,,0.31830926,,,0.233944632,,13.56829518,3.169014634,
2080,Livestock,4.7,280,43.2,,0.5,,,1,1.975,2.2,11,
2082,Unknown,,100,23,,,,,,,,,
2083,Unknown,,,89,,,,,,,,,
2084,Unknown,,,6,,,,,,,,,
2085,Unknown,,,64,,,,,,,,,
2095,Livestock,,,33,,,,,,,,,
2096,Domestic,2.884762717,,,,0.23946686,,,0.066418355,,12.5571267,0.616488574,
2099,Livestock,,100,142,,,,,,,,,
2100,Domestic,,45,7.4,,,,,,,,,
2101,Livestock,3.232871233,,,,0.381285769,,,0.066418355,,22.67200344,13.85473589,
2112,Domestic,,100,4.3,,,,,,,,,
2122,Domestic,1,9.4,115.2,,0.5,,,1,4.39,1.3,2.5,
2129,Livestock,,100,58,,,,,,,,,
2130,Livestock,,,29,,,,,,,,,
2131,Livestock,,100,6.3,,,,,,,,,
2152,Livestock,,,27,,,,,,,,,
2204,Other,,100,98,,,,,,,,,
2209,Independent,,,25,,,,,,,,,
2210,Other,,,30,,,,,,,,,
2211,Other,40,,26,,,,,,,,,
2213,Unknown,,,40,,,,,,,,,
2263,Livestock,,,22.2,,,,,,,,,
2286,Livestock,,,3,,,,,,,,,
2400,Independent,6,100,13,,,780,0.443,,,1,0.01,
2476,Municipal,,,44,,,,,,,,,
2509,Unknown,1,,146,,,,0.1,,,10,400,
2554,Independent,1,80,49.5,,10,6.6,,,,1,0.04,
2560,Livestock,,,,,,,,,,,1.791044776,
2561,Livestock,,,32,,,,,,,,,
2562,Livestock,,,,,,,,,,,19.40298507,
2563,Livestock,,,31,,,,,,,,,
2564,Livestock,,,,,,,,,,,,
2565,Livestock,,,,,,,,,,,1.074626866,
2566,Livestock,,,34,,,,8.7,,,,,
2568,Other,51,36,41,,0.5,,,1,1.0749,12,69,
2572,Domestic,13.8980268,,,,,,,,,,1.75,
2582,Domestic,,,46,,,,9.6,,,,0.776119403,
2598,Domestic,,,580,,,,0.8,,,,17.91044776,
2599,Municipal,,,88,,,,9.2,,,,,
2600,Other,,,,,,,,,,,,
2601,Unknown,,,,,,,5.7,,,,,
2602,Municipal,,,92,,,,3.8,,,,,
2603,Domestic,,,40,,,,5.3,,,,,
2609,Domestic,19.65057282,120,26.4,,6.2,,,1,0.835,4.2,17.36957554,
2619,Domestic,2.68908392,,,,,,,,,,41.71467051,
2626,Other,2.071612218,,,,,,,,,,7.509089128,
2629,Domestic,,,60.5,,,,6.4,,,,1.791044776,
2645,Domestic,0.73,12,530,,0.5,,,1.7,0.576,2.6,19,
2661,Livestock,,,76,,,,42,,,,,
2669,Unknown,49.96287999,,,,0.838606038,,,2.665895512,,59.54863099,115.764751,
2674,Livestock,12.45144177,,,,,,,,,,9.573121985,
2679,Livestock,0.132914345,,,,,,,,,,,
2681,Domestic,1.666920303,,,,,,,,,,4.667252442,
2702,Domestic,,,,,,,,,,,2.537313433,
2738,Municipal,,,,,,,,,,,1.149253731,
2739,Municipal,,,,,,,,,,,2.985074627,
2742,Livestock,,,,,,,,,,,0.820895522,
2749,Other,1,,40,,,,41,,,1,300,
2752,Domestic,,,2,,,,10,,,,53.73134328,
2753,Domestic,,,21.5,,,,0.4,,,,,
2756,Domestic,,,74,,,,9.2,,,,,
2758,Municipal,,,28.5,,,,1,,,,,
2763,Domestic,,,78,,,,15,,,,,
2768,Municipal,21,55,4.7,,10,,,4.8,3.26,2.1,8.6,
2769,Domestic,,,86,,,,0.3,,,,,
2771,Unknown,,,,,,,,,,,10.44776119,
2774,Domestic,,,91,,,,9.2,,,,6.417910448,
2779,Domestic,,,42,,,,9.7,,,,,
2780,Livestock,,,64,,,,4.1,,,,,
2781,Domestic,,,74,,,,1.3,,,,,
2782,Domestic,,,460,,,,0.2,,,,,
2784,Other,,,,,,,,,,,,
2794,Domestic,,,8,,,,2.6,,,,,
2798,Domestic,,,210,,,,8.7,,,,,
2806,Domestic,1,100,30,,,,,5,,1,,
2810,Domestic,,,73,,,,5.6,,,,,
2816,Other,,,,,,,,,,,,
2839,Domestic,,,90.5,,,,2.5,,,,,
2840,Domestic,,,49.5,,,,1,,,,,
2868,Livestock,,,51,,,,0.06,,,,,
2877,Livestock,,,90,,,,0.62,,,,,
2879,Unknown,,,9,,,,0.25,,,,,
2920,Domestic,,,5,,,,1.7,,,,,
2921,Livestock,,,1,,,,0.25,,,,,
2937,Domestic,,,,,,,,,,,,
2938,Domestic,,,,,,,,,,,,
2941,Unknown,6.1,2.3,17.5,,5,,,3,,5,4.594029851,
2956,Unknown,0.085240545,,,,,,,,,,17.46483313,
2966,Domestic,,,52,,,,0.6,,,,12.98507463,
3105,Independent,,,99,,,,,,,,,
3106,Unknown,,,,,,,,,,,,
3108,Independent,,,9,,,,5.6,,,,,
3113,Domestic,,,,,,,,,,,19.40298507,
3116,Domestic,,,91,,,,17,,,,3.582089552,
3126,Domestic,,,61,,,,6.5,,,,,
3127,Other,,,,,,,,,,,,
3143,Domestic,,,71,,,,9.8,,,,,
3144,Livestock,0.4,6.37,37.8,,2,,0.177,0.08,,1.7,,
3157,Other,,,69,,,,11,,,,,
3158,Municipal,,,1.2,,,,,,,,,
3159,Livestock,,,,,,,,,,,3.731343284,
3166,Domestic,0,50,12,,,,,,,,0.63,
3167,Domestic,1,90,2.4,,,,,,,,0.02,
3168,Unknown,1,70,2.7,,,,,,,,0.01,
3170,Unknown,11.37696751,,,,,,,,,,5.298014335,
3172,Domestic,,,48,,,,3.9,,,,,
3173,Unknown,,,,,,,,,,,0.149253731,
3181,Unknown,5.839659875,,,,,,,,,,6.358237025,
3190,Unknown,,,,,,,,,,,,
3196,Independent,,,,,,,,,,,4.328358209,
3276,Domestic,,,80,,,,,,,,,
3280,Domestic,,,177,,,,,,,,,
3301,Livestock,,,,,,,,,,,2.23880597,
3302,Independent,23,,3,,,,,,,,,
3316,Domestic,14,38,16.5,,1,,,,,1,,
3317,Domestic,10,56,15,,1,,,,,1,,
3326,Unknown,,,46,,,,1.2,,,,,
3333,Domestic,,,70,,,,1.3,,,,,
3345,Independent,,,15,,,,4.6,,,,,
3346,Independent,2,100,260,,1,,0.443,1,,2,,
3360,Agriculture,,,,,,,,,,,0.046829683,
3369,Domestic,,,110,,,,0.4,,,,,
3377,Domestic,,,81,,,,4,,,,,
3381,Other,,,44,,,,,,,,29.85074627,
3387,Other,,,,,,,,,,,,
3416,Independent,,100,112,,,,,,,,,
3430,Livestock,,,,,,,,,,,4.776119403,
3513,Domestic,,,,,,,0.4,,,,,
3514,Domestic,,,29,,,,2.3,,,,,
3517,Domestic,,,80,,,,4.1,,,,,
3518,Domestic,,,48,,,,3,,,,,
3523,Other,,,45.5,,,,,,,,,
3545,Domestic,,,,,,,,,,,,
3556,Independent,,,0.4,,,,1.1,,,,,
3565,Independent,,,15.9,,,,,,,,,
3569,Independent,10,64,8.85,,1,,,,,1,,
3570,Other,,,4.9,,,,,,,,,
3585,Municipal,,,85,,,,5.6,,,,,
3586,Domestic,,,,,,,,,,,6.71641791,
3603,Unknown,,100,8.4,,,,,,,,,
3604,Unknown,12,,94,,4,,,4,,1,13,
3606,Unknown,,36,80,,,,,,,,,
3607,Unknown,,100,85,,,,,,,,,
3618,Unknown,,,210,,,,4,,,,,
3625,Unknown,2.1,76,12.5,,0.5,,,1,0.833,1.7,1.9,
3667,Other,,,,,,,,,,,3.880597015,
3673,Other,,,,,,,,,,,73.13432836,
3674,Other,,,,,,,,,,,55.2238806,
3722,Independent,,,,,,,,,,,9.104477612,
3772,Independent,,,,,,,,,,,2.23880597,
3773,Independent,,,,,,,,,,,1.791044776,
3774,Independent,,,,,,,,,,,0.492537313,
3775,Independent,,,,,,,,,,,1.641791045,
3875,Independent,,,,,,,,,,,0.955223881,
3889,Independent,,,,,,,,,,,2.686567164,
3890,Other,,,,,,,,,,,0.208955224,
3892,Independent,,,,,,,,,,,1.492537313,
3904,Independent,,,,,,,,,,,2.686567164,
4011,Independent,,,,,,,,,,,17.91044776,
4012,Independent,,,,,,,,,,,5.970149254,
4017,Independent,,,,,,,,,,,4.626865672,
4019,Independent,,,,,,,,,,,3.880597015,
4020,Independent,,,,,,,,,,,3.134328358,
4030,Independent,7.299344669,,,,,,,,,,25.33134688,
4044,Other,,,,,,,,,,,10.44776119,
4047,Independent,,,,,,,,,,,11.94029851,
4877,Unknown,0.804819076,,,,,,,,,,0.29,
4878,Unknown,6.95,,,,,,,,,,7.37406055,
4879,Unknown,2.604105141,,,,,,,,,,6.073527458,
4880,Unknown,,,,,,,,,,,3.84,
4881,Unknown,23.57196893,,,,,,,,,,,
6157,Unknown,,,,,,,,,0.2,,,
6165,Unknown,,,,,,,,,,,6.268656716,
6862,Unknown,5,47.9,10.4,,1,,,16.5,0.71,5,,
6864,Unknown,5,1.64,2.42,,1.43,,,3.74,,26.7,,
6865,Domestic,20,31,15,,0.94,,,1,1.0827,12,32,
6866,Unknown,9.6,230,19.2,,0.5,,,1,0.2609,0.72,2,
6867,Domestic,5.7,180,79,,0.93,,,2.3,1.0876,11,1.2,
6868,Domestic,4.7,110,36.8,,0.5,,,1,1.777,6.8,1.1,
6869,Unknown,2,1100,160,,20,,,1,,3,1,
6870,Unknown,1,11,550,,20,,,1,,1,3,
6871,Domestic,6,240,150,,20,,,1,,1,3,
6872,Unknown,2,95,160,,20,,,17,,5,3,
6875,Unknown,1,53,280,,20,,,1,,10,6,
6877,Unknown,7,5,3.3,,20,,,1,,1,4,
6878,Unknown,1,95,97,,20,,,1,,1,5,
6880,Unknown,4,26,160,,20,,,1,,1,1,
6881,Unknown,1,34,140,,20,,,1,,14.59032294,1,
6882,Unknown,1.371721187,110,120,,20,,,1,,11.83094289,1.526464908,
6883,Unknown,1,410,310,,20,,,1,,1,1,
6885,Unknown,1,15,460,,20,,,1,,1,1,
6886,Unknown,19,6,13,,20,,,1,,3,1,
6887,Unknown,2,130,77,,20,,,1,,2,6,
6888,Unknown,1,320,140,,20,,,1,,1,5,
6889,Unknown,1,19,55,,20,,,1,,1,1,
6891,Unknown,1.567166547,97,170,,20,,,1,,1,1,
6892,Unknown,1,9,640,,20,,,1,,1,1,
6893,Unknown,1,15,220,,20,,,1,,1,1,
6896,Domestic,4,60,110,,20,,,1,,4,1,
6897,Unknown,15,55,52,,20,,,1,,15,12,
6899,Unknown,4,100,79,,20,,,1,,4,6,
6900,Unknown,6.3,85,70,,0.5,,,18,,22,24,
7000,Livestock,1.243283753,,32.76948048,,,,,,,,1.444993021,
7001,Livestock,0.085240545,,,,,,,,,,0.878894566,
7002,Livestock,2.364268736,,,,,,,,,,1.16,
7003,Livestock,1.664626296,,,,,,,,,,2.556620528,
7004,Livestock,0.8,,,,,,,,,,1.912084521,
7005,Livestock,0.607060873,,,,0.261511573,,,3.700725723,,15.18072373,0.781322579,
7006,Livestock,2.239420961,,7.147804785,,,,9.76333438,,,,0.788970409,
7007,Livestock,1.631770547,,,,0.236441767,,,0.09188107,,9.808249432,1.026990244,
7008,Livestock,3.049613767,,40.80384289,,,,25.22898708,,,,1.83,
7009,Livestock,1.35246847,,,,,,,,,,0.57,
7010,Livestock,2.225252532,,,,,,,,,,0.645982965,
7011,Livestock,1.207054741,,,,,,,,,,0.724106075,
7012,Livestock,15.57890486,,48.52218948,,,,107.5839083,,,,10.31408321,
7013,Livestock,4.5849476,,,,,,,,,,0.829300248,
7014,Livestock,3.307932808,,,,,,,,,,2.09,
7015,Other,0.085240545,,,,,,,,,,1.28294013,
7016,Livestock,1.356760382,,,,,,,,,,0.33,
7017,Livestock,14.10184552,,,,,,,,,,0.51,
7018,Livestock,26.18422295,,,,1.121590245,,,1.199992967,,34.4242025,42.54721253,
7019,Unknown,0.391079967,,,,0.271713179,,,0.1797611,,19.72236696,0.562451007,
7020,Unknown,43.11610937,,,,1.130797982,,,2.089772858,,34.48794069,89.01771435,
7021,Livestock,44.43086799,,,,1.456023159,,,0.066418355,,72.65236412,73.5,
7022,Other,1.307513713,,,,,,,,,,45.99,
7023,Livestock,1.7688763,,,,,,,,,,2.27,
7024,Livestock,2.159036373,,,,,,,,,,2.27,
7025,Livestock,1.374339852,,,,,,,,,,0.554199503,
7026,Livestock,0.627511064,,,,0.954317779,,,0.056781058,,,0.22970081,
7027,Livestock,3.285244133,,,,,,,,,,28.33307827,
7028,Unknown,4.78,,,,0.10490272,,,0.066418355,,11.11219115,3.537863544,
7029,Livestock,1.826135398,,,,,,,,,,0.046829683,
7030,Other,1.819999244,,,,,,,,,,0.689323971,
7032,Livestock,2.161052333,,,,,,,,,,28.66558554,
7033,Livestock,10.31646761,,,,1.423912953,,,1.026766157,,26.08295065,9.472987608,
7034,Livestock,8.475561517,,,,,,,,,,11.0743819,
7035,Unknown,1.594362607,,,,,,,,,,3.65,
7036,Other,21.44618083,,,,0.733938473,,,1.653587632,,26.77153983,15.67488317,
7037,Livestock,1.310123989,,,,,,,,,,32.68788139,
7039,Livestock,20.70151271,,,,,,,,,,,
7040,Unknown,1.504364612,,,,,,,,,,29.76,
7041,Livestock,18.83465309,,,,,,,,,,4.268698764,
7042,Livestock,13.71882338,,,,,,,,,,1.24001496,
7043,Livestock,17.569789,,,,,,,,,,12.75782687,
7044,Other,4.06,,,,,,,,,,34.62362031,
7045,Other,2.817095909,,35.97437005,,1.67115629,,15.30590581,0.056781058,,,18.1211079,
7046,Livestock,68.93112706,,,,,,,,,,8.543389499,
7047,Other,1.168690618,,,,,,,,,,3.10250866,
7048,Unknown,2.518549602,,,,,,,,,,18.25810382,
7049,Unknown,2.716396848,,,,,,,,,,19.93875167,
7050,Livestock,7.01820376,,87.16739732,,0.764754001,,6.61284239,0.066418355,,22.95539439,4.489554425,
7051,Unknown,1.665573875,,,,,,,,,,1.250135134,
7052,Unknown,2.274646355,,,,,,,,,,1.629832028,
7053,Unknown,4.786376958,,,,1.486975669,,,6.569187084,100.9,96.10294946,641.7910448,
7054,Unknown,0.64,,,,,,,,,,3.52,
7055,Livestock,10.21646139,,,,,,,,,,133.0560562,
7056,Livestock,0.085240545,,,,,,,,,,0.71,
7057,Livestock,2.784821081,,20.06475222,3.92722159,,,8.42584954,,,,1.1,
7058,Livestock,43.46682747,,,,0.200983539,,,0.066418355,,20.42005523,11.58092424,
7059,Other,3.109259367,,29.13942813,,,,,,,,1.250615741,
7060,Unknown,2.562452946,,,,,,,,,,24.59382274,
7061,Domestic Irrigaiton,2.729927661,,,,0.605908244,,,4.894336166,,,2.611464988,
7062,Livestock,3.37308196,,,,1.113433159,,,0.056781058,,,0.852098177,
7063,Unknown,3.477347756,,,,,,,,,,2.477245704,
7064,Other,128.763076,,,,,,,,,,16.17839981,
7065,Unknown,15.13507251,,,,1.388462792,,,0.189598344,,34.77922031,8.050661345,
7066,Livestock,4.443627722,,54.42249796,,0.645390525,,,0.119723829,,11.72907789,0.876226017,
7067,Livestock,8.096309087,,,,,,,,,,4.383092343,
7068,Livestock,1.769455198,,,,0.291156156,,,0.079422655,,21.4162325,8.836099278,
7069,Livestock,4.58219231,,21.12489363,,,,,,,,3.518988065,
7070,Unknown,1.867776788,,,,2.498005512,,,0.056781058,,,4.685934209,
7071,Livestock,3.621100263,,,,0.288246377,,,0.066418355,,14.64772005,0.331897296,
7073,Livestock,21.04640512,,,,,,,,,,89.48983821,
7074,Livestock,53.98768046,,,,2.958668316,,,0.105217046,,29.26470941,10.14925314,
7075,Livestock,29.437973,,32.19096904,,,,1.8653575,,,,7.890746968,
7077,Other,2.8994219,,23.24910161,,,,,,,,1.25,
7078,Livestock,3.789221306,,,,,,,,,,4.810068464,
7079,Livestock,4.385995293,,,,,,,,,,0.776388052,
7080,Livestock,19.80723263,,,,0.345922337,,,0.091757335,,19.76548525,0.587988878,
7081,Livestock,1.138140815,,,,,,,,,,2.967840071,
7082,Livestock,1.599248385,,,,0.130139597,,,0.103403872,,10.81678689,0.748100164,
7083,Unknown,0.4,,,,,,,,,,0.77,
7084,Unknown,2.013818515,,,,0.567810058,,,0.073773614,,61.47775009,63.04457147,
7085,Unknown,,,,,,,,,,,16.41791045,
7087,Unknown,,,,,,,,,,,2.089552239,
7088,Unknown,,,,,,,,,,,4.179104478,
7089,Unknown,,,,,,,,,,,0.432835821,
7090,Unknown,,,,,,,,,1.13,,4.776119403,
7091,Unknown,,,,,,,,,0.51,,0.507462687,
7092,Unknown,,,,,,,,,,,4.776119403,
7093,Unknown,,,,,,,,,,,1.373134328,
7094,Unknown,,,,,,,,,,,1.029850746,
7095,Unknown,,,,,,,,,,,8.955223881,
7096,Unknown,,,,,,,,,,,2.089552239,
7097,Unknown,,,,,,,,,,,19.40298507,
7099,Unknown,,,,,,,,,,,1.179104478,
7100,Unknown,,,,,,,,,,,2.089552239,
7101,Unknown,,,,,,,,,,,5.373134328,
7102,Unknown,,,,,,,,,,,,
7103,Unknown,,,,,,,,,,,19.40298507,
7104,Unknown,,,,,,,,,0.299,,64.17910448,
7105,Unknown,,,,,,,,,,,5.820895522,
7106,Unknown,,,,,,,,,,,3.432835821,
7107,Unknown,,,,,,,,,0,,52.23880597,
7108,Unknown,,,,,,,,,,,25.37313433,
7109,Unknown,,,,,,,,,,,26.86567164,
7110,Unknown,,,,,,,,,,,2.537313433,
7111,Unknown,,,,,,,,,,,5.52238806,
7112,Unknown,,,,,,,,,,,16.41791045,
7113,Unknown,,,,,,,,,,,0.149253731,
7114,Unknown,,,,,,,,,,,6.268656716,
7115,Unknown,,,,,,,,,,,19.40298507,
7116,Unknown,,,,,,,,,,,8.805970149,
7117,Unknown,,,,,,,,,,,0.611940299,
7119,Unknown,,,,,,,,,,,4.776119403,
7120,Unknown,,,,,,,,,,,11.19402985,
7121,Unknown,,,,,,,,,,,1.940298507,
7122,Unknown,,,,,,,,,,,31.34328358,
7123,Unknown,,,,,,,,,,,61.19402985,
7124,Unknown,,,,,,,,,,,9.253731343,
7125,Unknown,,,,,,,,,,,7.462686567,
7126,Unknown,,,,,,,,,,,0.746268657,
7127,Unknown,,,,,,,,,,,2.089552239,
7128,Unknown,,,,,,,,,,,20.89552239,
7129,Unknown,,,,,,,,,,,12.23880597,
7131,Unknown,,,,,,,,,,,3.880597015,
7132,Unknown,,,,,,,,,,,2.686567164,
7133,Unknown,,,,,,,,,,,8.656716418,
7135,Unknown,,,,,,,,,,,2.985074627,
7136,Unknown,,,,,,,,,,,1.940298507,
7137,Unknown,,,,,,,,,,,35.82089552,
7139,Unknown,,,,,,,,,,,2.835820896,
7140,Unknown,,,,,,,,,0.095,,71.64179104,
7141,Unknown,,,,,,,,,,,13.88059701,
7142,Unknown,,,,,,,,,,,4.925373134,
7143,Unknown,,,,,,,,,0.431,,64.17910448,
7144,Unknown,,,,,,,,,,,0.149253731,
7145,Unknown,,,,,,,,,,,0.149253731,
7146,Unknown,,,,,,,,,,,3.880597015,
7147,Unknown,,,,,,,,,,,12.53731343,
7148,Unknown,,,,,,,,,,,23.88059701,
7149,Unknown,,,,,,,,,,,12.8358209,
7150,Unknown,,,,,,,,,,,6.119402985,
7151,Unknown,,,,,,,,,,,16.41791045,
7152,Unknown,,,,,,,,,0.29,,268.6567164,
7153,Unknown,,,,,,,,,,,7.76119403,
7154,Unknown,,,,,,,,,0.28,,105.9701493,
7155,Unknown,,,,,,,,,,,98.50746269,
7156,Unknown,,,,,,,,,,,2.537313433,
7157,Unknown,,,,,,,,,,,16.41791045,
7158,Unknown,,,,,,,,,,,8.208955224,
7159,Unknown,,,,,,,,,,,35.82089552,
7160,Unknown,,,,,,,,,,,8.059701493,
7161,Unknown,,,,,,,,,,,8.805970149,
7162,Unknown,,,,,,,,,,,11.04477612,
7166,Unknown,,,,,,,,,,,3.880597015,
7170,Unknown,,,20,,,,,,,,,
7176,Unknown,,,2.9,,,,,,,,,
7179,Unknown,,,23,,,,,,,,,
7180,Unknown,,,2.8,,,,,,,,,
7181,Unknown,,,7,,,,,,,,,
7182,Unknown,12,100,10,,,,,5,,1,,
7183,Unknown,,,44,,,,,,,,,
7184,Unknown,,,14.5,,,,,,,,,
7187,Unknown,,,18,,,,,,,,,
7188,Unknown,,,80,,,,,,,,,
7189,Unknown,1,100,720,,,,,6,,,,
7190,Unknown,1.4,200,29,,,,,5,,1,0,
7191,Unknown,,,15,,,,,,,,,
7196,Unknown,,,11.5,,,,,,,,,
7197,Unknown,,,26,,,,,,,,,
7198,Unknown,,,81,,,,,,,,,
7199,Unknown,,,,,,,,,,,,
7200,Unknown,,,39,,,,,,,,,
7201,Unknown,5,100,41,,,,,5,,1,,
7204,Unknown,,,657,,,,,,,,,
7205,Unknown,,,2.8,,,,,,,,,
7206,Unknown,3,200,30,,,,,5,,1,,
7207,Unknown,,,65,,,,,,,,,
7208,Unknown,,,98,,,,,,,,,
7210,Unknown,,,5.7,,,,,,,,,
7211,Unknown,,,3.2,,,,,,,,,
7212,Unknown,,,45,,,,,,,,,
7213,Unknown,23,13,2.8,,,,,5,,2,,
7214,Unknown,,,25,,,,,,,,,
7215,Unknown,,,24,,,,,,,,,
7216,Unknown,,,2.8,,,,,,,,,
7220,Unknown,,,42,,,,,,,,,
7222,Unknown,,,36,,,,,,,,,
7223,Unknown,,,41,,,,,,,,,
7224,Unknown,,,69,,,,,,,,,
7225,Unknown,1,100,67,,,,,5,,1,,
7226,Unknown,2,100,63,,,,,5,,1,,
7227,Unknown,,,98,,,,,,,,,
7229,Unknown,1,50,89,,,,,5,,1,,
7230,Unknown,1,43,93,,,,,5,,1,,
7231,Unknown,5,800,19,,,,,5,,1,,
7236,Unknown,1,100,76,,,,,5,,1,,
7238,Unknown,,,100,,,,,,,,,
7239,Unknown,1,100,100,,,,,5,,2,16,
7240,Unknown,,,66.5,,,,,,,,,
7245,Unknown,,,4.2,,,,,,,,,
7246,Unknown,,,6,,,,,,,,,
7247,Unknown,1,100,130,,,,,5,,1,23,
7248,Unknown,,,17,,,,,,,,,
7249,Unknown,,,28,,,,,,,,,
7250,Unknown,2,100,190,,,,,5,,7,,
7251,Unknown,,,92,,,,,,,,,
7252,Unknown,14,72,117,,,,,1,,2,,
7253,Unknown,,,4,,,,,,,,,
7254,Unknown,1,100,88,,,,,5,,3,8,
7255,Unknown,1,39,91.5,,,,,1,,,,
7256,Unknown,1,100,75,,,,,5,,1,,
7257,Unknown,,,110,,,,,,,,,
7258,Unknown,1,100,90.5,,,,,11,,1,,
7259,Unknown,,,137,,,,,,,,,
7260,Unknown,1,100,210,,,,,6,,5,,
7274,Unknown,,,117.5,,,,,,,,,
7276,Unknown,,,110,,,,,,,,,
7279,Unknown,,,33.5,,,,,,,,,
7280,Unknown,4,100,18,,,,,9,,5,38,
7286,Unknown,,,172,,,,,,,,,
7292,Unknown,,,90,,,,,,,,,
7312,Unknown,,,11,,,,,,,,,
7319,Unknown,,230,31,,,,,10,,1,,
7321,Unknown,,26,75,,,,,30,,1,,
7326,Unknown,,,200,,,,,,,,,
7328,Unknown,,,1.2,,,,,,,,,
7372,Unknown,,,134,,,,,,,,,
7382,Unknown,,,14,,,,,,,,,
7385,Unknown,,,27.5,,,,,,,,,
7386,Unknown,,,29,,,,,,,,,
7387,Unknown,,,39,,,,,,,,,
7388,Unknown,,,13,,,,,,,,,
7389,Unknown,,,24.5,,,,,,,,,
7390,Unknown,,,390,,,,,,,,,
7391,Unknown,,,100,,,,,,,,,
7392,Unknown,,,31,,,,,,,,,
7393,Unknown,,,22,,,,,,,,,
7396,Unknown,,,98.5,,,,,,,,,
7397,Unknown,,,110,,,,,,,,,
7398,Unknown,,,108.5,,,,,,,,,
7399,Unknown,,,110,,,,,,,,,
7401,Unknown,,,79,,,,,,,,,
7402,Unknown,,,150,,,,,,,,,
7403,Unknown,,,87,,,,,,,,,
7404,Unknown,,,125,,,,,,,,,
7405,Unknown,,,,,,,,,,,,
7406,Unknown,,,83,,,,,,,,,
7407,Unknown,,,100,,,,,,,,,
7408,Unknown,,,12,,,,,,,,,
7409,Unknown,,,66,,,,,,,,,
7413,Unknown,,13,140,,,,,30,,1,,
7414,Unknown,,10,41,,,,,10,,1,,
7415,Unknown,,15,57,,,,,10,,1,,
7420,Unknown,,,92,,,,,,,,,
7423,Unknown,,,71,,,,,,,,,
7425,Unknown,,,180,,,,,,,,,
7426,Unknown,,,20,,,,5.5,,,,,
7427,Unknown,,,24,,,,,,,,,
7428,Unknown,,,57,,,,,,,,,
7430,Unknown,1,12,49,,,,,5,,1,,
7431,Unknown,,,,,,,,,,,,
7432,Unknown,,,36,,,,4.6,,,,,
7433,Unknown,,,7,,,,0.12,,,,,
7434,Unknown,,,72,,,,2.2,,,,,
7436,Unknown,,,,,,,,,,,,
7448,Unknown,,,33,,,,,,,,,
7449,Unknown,,,7.5,,,,,,,,,
7452,Unknown,,,18,,,,,,,,,
7455,Unknown,,,81,,,,,,,,,
7457,Unknown,,,16,,,,,,,,,
7459,Unknown,,,508,,,,,,,,,
7460,Unknown,,,86,,,,,,,,,
7461,Unknown,,,25,,,,,,,,,
7462,Unknown,,,474,,,,,,,,,
7463,Unknown,,,19,,,,,,,,,
7464,Unknown,,,12,,,,,,,,,
7465,Unknown,,,54,,,,,,,,,
7466,Unknown,,,,,,,,,,,,
7467,Unknown,,,,,,,,,,,,
7468,Unknown,,,66,,,,,,,,,
7469,Unknown,,,,,,,,,,,,
7470,Unknown,,,23,,,,,,,,,
7471,Unknown,,,,,,,,,,,,
7472,Unknown,,,28,,,,,,,,,
7473,Unknown,,,46,,,,,,,,,
7474,Unknown,,,119,,,,,,,,,
7475,Unknown,,,545,,,,,,,,,
7476,Unknown,,,36,,,,,,,,,
7477,Unknown,,,60,,,,,,,,,
7478,Unknown,,,67,,,,,,,,,
7479,Unknown,,,85,,,,,,,,,
7480,Unknown,,,43,,,,,,,,,
7481,Unknown,,,42,,,,,,,,,
7482,Unknown,,,167,,,,,,,,,
7483,Unknown,,,8,,,,,,,,,
7484,Unknown,,,25,,,,,,,,,
7485,Unknown,,,,,,,,,,,,
7486,Unknown,,,40,,,,,,,,,
7487,Unknown,,,49,,,,,,,,,
7488,Unknown,,,36,,,,,,,,,
7489,Unknown,,,96,,,,,,,,,
7490,Unknown,,,,,,,,,,,,
7491,Unknown,,,47,,,,,,,,,
7492,Unknown,,,,,,,,,,,,
7493,Unknown,,,98,,,,,,,,,
7494,Unknown,,,81,,,,,,,,,
7495,Unknown,,,92,,,,,,,,,
7496,Unknown,,,34,,,,,,,,,
7497,Unknown,,,,,,,,,,,,
7498,Unknown,,,429,,,,,,,,,
7499,Unknown,,,79,,,,,,,,,
7500,Unknown,,,62,,,,,,,,,
7501,Unknown,,,,,,,,,,,,
7502,Unknown,,,12,,,,,,,,,
7503,Unknown,,,79,,,,,,,,,
7504,Unknown,,,6,,,,,,,,,
7505,Unknown,,,83,,,,,,,,,
7506,Unknown,,,6,,,,,,,,,
7507,Unknown,,,25,,,,,,,,,
7508,Unknown,,,44,,,,,,,,,
7509,Unknown,,,41,,,,,,,,,
7510,Unknown,,,34,,,,,,,,,
7511,Unknown,,,,,,,,,,,,
7512,Unknown,,,65,,,,,,,,,
7513,Unknown,,,18,,,,,,,,,
7514,Unknown,,,71,,,,,,,,,
7515,Unknown,,,34,,,,,,,,,
7516,Unknown,,,29,,,,,,,,,
7517,Unknown,,,26,,,,,,,,,
7518,Unknown,,,304,,,,,,,,,
7519,Unknown,,,,,,,,,,,,
7520,Unknown,,,11,,,,,,,,,
7521,Unknown,,,139,,,,,,,,,
7522,Unknown,,,6,,,,,,,,,
7523,Unknown,,,60,,,,,,,,,
7524,Unknown,,,10,,,,,,,,,
7525,Unknown,,,106,,,,,,,,,
7526,Unknown,,,19,,,,,,,,,
7527,Unknown,,,42,,,,,,,,,
7528,Unknown,,,,,,,,,,,,
7529,Unknown,,,96,,,,,,,,,
7530,Unknown,,,38,,,,,,,,,
7531,Unknown,,,190,,,,,,,,,
7532,Unknown,,,8,,,,,,,,,
7533,Unknown,,,,,,,,,,,,
7534,Unknown,,,,,,,,,,,,
7535,Unknown,,,90,,,,,,,,,
7536,Unknown,,,68,,,,,,,,,
7537,Unknown,,,532,,,,,,,,,
7538,Unknown,,,43,,,,,,,,,
7539,Unknown,,,2,,,,,,,,,
7540,Unknown,,,,,,,,,,,,
7541,Unknown,,,146,,,,,,,,,
7542,Unknown,,,81,,,,,,,,,
7543,Unknown,,,,,,,,,,,,
7544,Unknown,,,,,,,,,,,,
7545,Unknown,,,225,,,,,,,,,
7546,Unknown,,,13,,,,,,,,,
7547,Unknown,,,111,,,,,,,,,
7548,Unknown,,,183,,,,,,,,,
7549,Unknown,,,,,,,,,,,,
7550,Unknown,,,23,,,,,,,,,
7551,Unknown,,,91,,,,,,,,,
7552,Unknown,,,218,,,,,,,,,
7553,Unknown,,,,,,,,,,,,
7554,Unknown,,,6,,,,,,,,,
7555,Unknown,,,23,,,,,,,,,
7556,Unknown,,,5,,,,,,,,,
7557,Unknown,,,6,,,,,,,,,
7558,Unknown,,,4,,,,,,,,,
7559,Unknown,,,6,,,,,,,,,
7560,Unknown,,,48,,,,,,,,,
7561,Unknown,,,153,,,,,,,,,
7562,Unknown,,,,,,,,,,,,
7563,Unknown,,,138,,,,,,,,,
7564,Unknown,,,75,,,,,,,,,
7565,Unknown,,,62,,,,,,,,,
7566,Unknown,,,239,,,,,,,,,
7567,Unknown,,,48,,,,,,,,,
7568,Unknown,,,46,,,,,,,,,
7569,Unknown,,,,,,,,,,,,
7570,Unknown,,,42,,,,,,,,,
7571,Unknown,,,96,,,,,,,,,
7572,Unknown,,,189,,,,,,,,,
7573,Unknown,,,6,,,,,,,,,
7574,Unknown,,,214,,,,,,,,,
7575,Unknown,,,15,,,,,,,,,
7576,Unknown,,,278,,,,,,,,,
7577,Unknown,,,684,,,,,,,,,
7578,Unknown,,,156,,,,,,,,,
7579,Unknown,,,52,,,,,,,,,
7580,Unknown,,,66,,,,,,,,,
7581,Unknown,,,23,,,,,,,,,
7582,Unknown,,,146,,,,,,,,,
7583,Unknown,,,,,,,,,,,,
7584,Unknown,,,44,,,,,,,,,
7585,Unknown,,,97,,,,,,,,,
7586,Unknown,,,51,,,,,,,,,
7587,Unknown,,,49,,,,,,,,,
7588,Unknown,,,33,,,,,,,,,
7589,Unknown,,,,,,,,,,,,
7590,Unknown,,,,,,,,,,,,
7591,Unknown,,,,,,,,,,,,
7592,Unknown,,,19,,,,,,,,,
7593,Unknown,,,71,,,,,,,,,
7594,Unknown,,,330,,,,,,,,,
7595,Unknown,,,,,,,,,,,,
7596,Unknown,,,1,,,,,,,,,
7597,Unknown,,,2,,,,,,,,,
7598,Unknown,,,5,,,,,,,,,
7599,Unknown,,,11,,,,,,,,,
7600,Unknown,,,6,,,,,,,,,
7601,Unknown,,,100,,,,,,,,,
7602,Unknown,,,2,,,,,,,,,
7603,Unknown,,,44,,,,,,,,,
7604,Unknown,,,,,,,,,,,,
7605,Unknown,,,17,,,,,,,,,
7606,Unknown,,,8,,,,,,,,,
7607,Unknown,,,19,,,,,,,,,
7608,Unknown,,,437,,,,,,,,,
7609,Unknown,,,,,,,,,,,,
7610,Unknown,,,100,,,,,,,,,
7611,Unknown,,,22,,,,,,,,,
7612,Unknown,,,198,,,,,,,,,
7613,Unknown,,,31,,,,,,,,,
7614,Unknown,,,18,,,,,,,,,
7615,Unknown,,,44,,,,,,,,,
7616,Unknown,,,99,,,,,,,,,
7617,Unknown,,,86,,,,,,,,,
7618,Unknown,,,70,,,,,,,,,
7619,Unknown,,,196,,,,,,,,,
7620,Unknown,,,277,,,,,,,,,
7621,Unknown,,,81,,,,,,,,,
7622,Unknown,,,131,,,,,,,,,
7623,Unknown,,,35,,,,,,,,,
7624,Unknown,,,,,,,,,,,,
7625,Unknown,,,54,,,,,,,,,
7626,Unknown,,,,,,,,,,,,
7627,Unknown,,,238,,,,,,,,,
7628,Unknown,,,60,,,,,,,,,
7629,Unknown,,,167,,,,,,,,,
7630,Unknown,,,,,,,,,,,,
7631,Unknown,,,151,,,,,,,,,
7632,Unknown,,,145,,,,,,,,,
7633,Unknown,,,,,,,,,,,,
7634,Unknown,,,476,,,,,,,,,
7635,Unknown,,,62,,,,,,,,,
7636,Unknown,,,26,,,,,,,,,
7637,Unknown,,,,,,,,,,,,
7638,Unknown,,,64,,,,,,,,,
7639,Unknown,,,112,,,,,,,,,
7640,Unknown,,,84,,,,,,,,,
7641,Unknown,,,464,,,,,,,,,
7642,Unknown,,,234,,,,,,,,,
7643,Unknown,,,,,,,,,,,,
7644,Unknown,,,69,,,,,,,,,
7645,Unknown,,,476,,,,,,,,,
7646,Unknown,,,110,,,,,,,,,
7647,Unknown,,,,,,,,,,,,
7648,Unknown,,,,,,,,,,,,
7649,Unknown,,,,,,,,,,,,
7650,Unknown,,,3,,,,,,,,,
7651,Unknown,,,46,,,,,,,,,
7652,Unknown,,,,,,,,,,,,
7653,Unknown,,,,,,,,,,,,
7654,Unknown,,,,,,,,,,,,
7655,Unknown,,,,,,,,,,,,
7656,Unknown,,,155,,,,,,,,,
7657,Unknown,,,,,,,,,,,,
7658,Unknown,,,9,,,,,,,,,
7659,Unknown,,,98,,,,,,,,,
7660,Unknown,,,44,,,,,,,,,
7661,Unknown,,,65,,,,,,,,,
7662,Unknown,,,114,,,,,,,,,
7663,Unknown,,,,,,,,,,,,
7664,Unknown,,,3,,,,,,,,,
7665,Unknown,,,4,,,,,,,,,
7666,Unknown,,,,,,,,,,,,
7667,Unknown,,,,,,,,,,,,
7668,Unknown,,,2,,,,,,,,,
7669,Unknown,,,7,,,,,,,,,
7670,Unknown,,,46,,,,,,,,,
7671,Unknown,,,,,,,,,,,,
7672,Unknown,,,,,,,,,,,,
7673,Unknown,,,,,,,,,,,,
7674,Unknown,,,,,,,,,,,,
7675,Unknown,,,50,,,,,,,,,
7676,Unknown,,,122,,,,,,,,,
7677,Unknown,,,182,,,,,,,,,
7678,Unknown,,,68,,,,,,,,,
7679,Unknown,,,57,,,,,,,,,
7680,Unknown,,,123,,,,,,,,,
7681,Unknown,,,,,,,,,,,,
7682,Unknown,,,114,,,,,,,,,
7683,Unknown,,,2,,,,,,,,,
7684,Unknown,,,,,,,,,,,,
7685,Unknown,,,,,,,,,,,,
7686,Unknown,,,7,,,,,,,,,
7687,Unknown,,,9,,,,,,,,,
7688,Unknown,,,,,,,,,,,,
7689,Unknown,,,2,,,,,,,,,
7690,Unknown,,,,,,,,,,,,
7691,Unknown,,,110,,,,,,,,,
7692,Unknown,,,3,,,,,,,,,
7693,Unknown,,,151,,,,,,,,,
7694,Unknown,,,6,,,,,,,,,
7695,Unknown,,,24,,,,,,,,,
7696,Unknown,,,6,,,,,,,,,
7697,Unknown,,,15,,,,,,,,,
7698,Unknown,,,39,,,,,,,,,
7699,Unknown,,,,,,,,,,,,
7700,Unknown,,,47,,,,,,,,,
7701,Unknown,,,1,,,,,,,,,
7702,Unknown,,,27,,,,,,,,,
7703,Unknown,,,96,,,,,,,,,
7704,Unknown,,,97,,,,,,,,,
7705,Unknown,,,169,,,,,,,,,
7706,Unknown,,,116,,,,,,,,,
7707,Unknown,,,110,,,,,,,,,
7708,Unknown,,,32,,,,,,,,,
7709,Unknown,,,72,,,,,,,,,
7710,Unknown,,,42,,,,,,,,,
7711,Unknown,,,64,,,,,,,,,
7712,Unknown,,,8,,,,,,,,,
7713,Unknown,,,,,,,,,,,,
7714,Unknown,,,52,,,,,,,,,
7715,Unknown,,,26,,,,,,,,,
7716,Unknown,,,118,,,,,,,,,
7717,Unknown,,,136,,,,,,,,,
7718,Unknown,,,2,,,,,,,,,
7719,Unknown,,,89,,,,,,,,,
7720,Unknown,,,2,,,,,,,,,
7721,Unknown,,,130,,,,,,,,,
7722,Unknown,,,20,,,,,,,,,
7723,Unknown,,,,,,,,,,,,
7724,Unknown,,,,,,,,,,,,
7725,Unknown,,,42,,,,,,,,,
7726,Unknown,,,13,,,,,,,,,
7727,Unknown,,,28,,,,,,,,,
7728,Unknown,,,40,,,,,,,,,
7729,Unknown,,,29,,,,,,,,,
7730,Unknown,,,79,,,,,,,,,
7731,Unknown,,,140,,,,,,,,,
7732,Unknown,,,68,,,,,,,,,
7733,Unknown,,,19,,,,,,,,,
7734,Unknown,,,26,,,,,,,,,
7735,Unknown,,,62,,,,,,,,,
7736,Unknown,,,75,,,,,,,,,
7737,Unknown,,,29,,,,,,,,,
7738,Unknown,,,91,,,,,,,,,
7739,Unknown,,,36,,,,,,,,,
7740,Unknown,,,73,,,,,,,,,
7741,Unknown,,,25,,,,,,,,,
7742,Unknown,,,32,,,,,,,,,
7743,Unknown,,,59,,,,,,,,,
7744,Unknown,,,21,,,,,,,,,
7745,Unknown,,,48,,,,,,,,,
7746,Unknown,,,,,,,,,,,,
7747,Unknown,,,54,,,,,,,,,
7748,Unknown,,,104,,,,,,,,,
7749,Unknown,,,64,,,,,,,,,
7750,Unknown,,,49,,,,,,,,,
7751,Unknown,,,80,,,,,,,,,
7752,Unknown,,,80,,,,,,,,,
7753,Unknown,,,74,,,,,,,,,
7754,Unknown,,,90,,,,,,,,,
7755,Unknown,,,34,,,,,,,,,
7756,Unknown,,,58,,,,,,,,,
7757,Unknown,,,28,,,,,,,,,
7758,Unknown,,,60,,,,,,,,,
7759,Unknown,,,12,,,,,,,,,
7760,Unknown,,,,,,,,,,,,
7761,Unknown,,,53,,,,,,,,,
7762,Unknown,,,130,,,,,,,,,
7763,Unknown,,,44,,,,,,,,,
7764,Unknown,,,50,,,,,,,,,
7765,Unknown,,,74,,,,,,,,,
7766,Unknown,,,82,,,,,,,,,
7767,Unknown,,,70,,,,,,,,,
7768,Unknown,,,120,,,,,,,,,
7769,Unknown,,,14,,,,,,,,,
7770,Unknown,,,130,,,,,,,,,
7771,Unknown,,,73,,,,,,,,,
7772,Unknown,,,91,,,,,,,,,
7773,Unknown,,,54,,,,,,,,,
7774,Unknown,,,69,,,,,,,,,
7775,Unknown,,,68,,,,,,,,,
7776,Unknown,,,37,,,,,,,,,
7777,Unknown,,,33,,,,,,,,,
7778,Unknown,,,126,,,,,,,,,
7779,Unknown,,,63,,,,,,,,,
7780,Unknown,,,25,,,,,,,,,
7781,Unknown,,,76,,,,,,,,,
7782,Unknown,,,71,,,,,,,,,
7783,Unknown,,,,,,,,,,,,
7784,Unknown,,,24,,,,,,,,,
7785,Unknown,,,45,,,,,,,,,
7786,Unknown,,,79,,,,,,,,,
7787,Unknown,,,106,,,,,,,,,
7788,Unknown,,,20,,,,,,,,,
7789,Unknown,,,30,,,,,,,,,
7790,Unknown,,,66,,,,,,,,,
7791,Unknown,,,63,,,,,,,,,
7792,Unknown,,,67,,,,,,,,,
7793,Unknown,,,46,,,,,,,,,
7794,Unknown,,,64,,,,,,,,,
7795,Unknown,,,101,,,,,,,,,
7796,Unknown,,,70,,,,,,,,,
7797,Unknown,,,42,,,,,,,,,
7798,Unknown,,,,,,,,,,,,
7799,Unknown,,,,,,,,,,,,
7800,Unknown,,,,,,,,,,,,
7801,Unknown,,,40,,,,,,,,,
7802,Unknown,,,11,,,,,,,,,
7803,Unknown,,,86,,,,,,,,,
7804,Unknown,,,71,,,,,,,,,
7805,Unknown,,,58,,,,,,,,,
7806,Unknown,,,67,,,,,,,,,
7807,Unknown,,,88,,,,,,,,,
7808,Unknown,,,67,,,,,,,,,
7809,Unknown,,,38,,,,,,,,,
7810,Unknown,,,62,,,,,,,,,
7811,Unknown,,,91,,,,,,,,,
7812,Unknown,,,62,,,,,,,,,
7813,Unknown,,,112,,,,,,,,,
7814,Unknown,,,75,,,,,,,,,
7815,Unknown,,,52,,,,,,,,,
7816,Unknown,,,48,,,,,,,,,
7817,Unknown,,,53,,,,,,,,,
7818,Unknown,,,64,,,,,,,,,
7819,Unknown,,,197,,,,,,,,,
7820,Unknown,,,540,,,,,,,,,
7821,Unknown,,,50,,,,,,,,,
7822,Unknown,,,91,,,,,,,,,
7823,Unknown,,,57,,,,,,,,,
7824,Unknown,,,135,,,,,,,,,
7825,Unknown,,,564,,,,,,,,,
7826,Unknown,,,41,,,,,,,,,
7827,Unknown,,,210,,,,,,,,,
7828,Unknown,,,20,,,,,,,,,
7829,Unknown,,,19,,,,,,,,,
7830,Unknown,,,29,,,,,,,,,
7831,Unknown,,,49,,,,,,,,,
7832,Unknown,,,55,,,,,,,,,
7833,Unknown,,,37,,,,,,,,,
7834,Unknown,,,61,,,,,,,,,
7835,Unknown,,,68,,,,,,,,,
7836,Unknown,,,20,,,,,,,,,
7837,Unknown,,,,,,,,,,,,
7838,Unknown,,,28,,,,,,,,,
7839,Unknown,,,24,,,,,,,,,
7840,Unknown,,,48,,,,,,,,,
7841,Unknown,,,66,,,,,,,,,
7842,Unknown,,,29,,,,,,,,,
7843,Unknown,,,24,,,,,,,,,
7844,Unknown,,,30,,,,,,,,,
7845,Unknown,,,27,,,,,,,,,
7846,Unknown,,,23,,,,,,,,,
7847,Unknown,,,48,,,,,,,,,
7848,Unknown,,,32,,,,,,,,,
7849,Unknown,,,298,,,,,,,,,
7850,Unknown,,,66,,,,,,,,,
7851,Unknown,,,81,,,,,,,,,
7852,Unknown,,,68,,,,,,,,,
7853,Unknown,,,2,,,,,,,,,
7854,Unknown,,,77,,,,,,,,,
7855,Unknown,,,23,,,,,,,,,
7856,Unknown,,,31,,,,,,,,,
7857,Unknown,,,5,,,,,,,,,
7858,Unknown,,,9,,,,,,,,,
7859,Unknown,,,29,,,,,,,,,
7860,Unknown,,,10,,,,,,,,,
7861,Unknown,,,,,,,,,,,,
7862,Unknown,,,,,,,,,,,,
7863,Unknown,,,10,,,,,,,,,
7864,Unknown,,,,,,,,,,,,
7865,Unknown,,,12,,,,,,,,,
7866,Unknown,,,23,,,,,,,,,
7867,Unknown,,,40,,,,,,,,,
7868,Unknown,,,18,,,,,,,,,
7869,Unknown,,,4,,,,,,,,,
7870,Unknown,,,,,,,,,,,,
7871,Unknown,,,39,,,,,,,,,
7872,Unknown,,,42,,,,,,,,,
7873,Unknown,,,10,,,,,,,,,
7874,Unknown,,,40,,,,,,,,,
7875,Unknown,,,57,,,,,,,,,
7876,Unknown,,,,,,,,,,,,
7877,Unknown,,,133,,,,,,,,,
7878,Unknown,,,48,,,,,,,,,
7879,Unknown,,,,,,,,,,,,
7880,Unknown,,,23,,,,,,,,,
7881,Unknown,,,18,,,,,,,,,
7882,Unknown,,,58,,,,,,,,,
7883,Unknown,,,21,,,,,,,,,
7884,Unknown,,,34,,,,,,,,,
7885,Unknown,,,8,,,,,,,,,
7886,Unknown,,,43,,,,,,,,,
7887,Unknown,,,,,,,,,,,,
7888,Unknown,,,,,,,,,,,,
7889,Unknown,,,2,,,,,,,,,
7890,Unknown,,,93,,,,,,,,,
7891,Unknown,,,,,,,,,,,,
7892,Unknown,,,174,,,,,,,,,
7893,Unknown,,,20,,,,,,,,,
7894,Unknown,,,2,,,,,,,,,
7895,Unknown,,,95,,,,,,,,,
7896,Unknown,,,72,,,,,,,,,
7897,Unknown,,,13,,,,,,,,,
7898,Unknown,,,12,,,,,,,,,
7899,Unknown,,,5,,,,,,,,,
7900,Unknown,,,56,,,,,,,,,
7901,Unknown,,,37,,,,,,,,,
7902,Unknown,,,38,,,,,,,,,
7903,Unknown,,,28,,,,,,,,,
7904,Unknown,,,46,,,,,,,,,
7905,Unknown,,,46,,,,,,,,,
7906,Unknown,,,12,,,,,,,,,
7907,Unknown,,,42,,,,,,,,,
7908,Unknown,,,86,,,,,,,,,
7909,Unknown,,,86,,,,,,,,,
7910,Unknown,,,20,,,,,,,,,
7911,Unknown,,,37,,,,,,,,,
7912,Unknown,,,397,,,,,,,,,
7913,Unknown,,,60,,,,,,,,,
7914,Unknown,,,116,,,,,,,,,
7915,Unknown,,,59,,,,,,,,,
7916,Unknown,,,150,,,,,,,,,
7917,Unknown,,,58,,,,,,,,,
7918,Unknown,,,41,,,,,,,,,
7919,Unknown,,,3,,,,,,,,,
7920,Unknown,,,47,,,,,,,,,
7921,Unknown,,,141,,,,,,,,,
7922,Unknown,,,67,,,,,,,,,
7923,Unknown,,,457,,,,,,,,,
7924,Unknown,,,10,,,,,,,,,
7925,Unknown,,,10,,,,,,,,,
7926,Unknown,,,29,,,,,,,,,
7927,Unknown,,,,,,,,,,,,
7928,Unknown,,,,,,,,,,,,
7929,Unknown,,,48,,,,,,,,,
7930,Unknown,,,,,,,,,,,,
7931,Unknown,,,54,,,,,,,,,
7932,Unknown,,,8,,,,,,,,,
7933,Unknown,,,92,,,,,,,,,
7934,Unknown,,,,,,,,,,,,
7935,Unknown,,,78,,,,,,,,,
7936,Unknown,,,14,,,,,,,,,
7937,Unknown,,,12,,,,,,,,,
7938,Unknown,,,200,,,,,,,,,
7939,Unknown,,,39,,,,,,,,,
7940,Unknown,,,20,,,,,,,,,
7941,Unknown,,,,,,,,,,,,
7942,Unknown,,,102,,,,,,,,,
7943,Unknown,,,79,,,,,,,,,
7944,Unknown,,,,,,,,,,,,
7945,Unknown,,,52,,,,,,,,,
7946,Unknown,,,129,,,,,,,,,
7947,Unknown,,,36,,,,,,,,,
7948,Unknown,,,9,,,,,,,,,
7949,Unknown,,,3,,,,,,,,,
7950,Unknown,,,480,,,,,,,,,
7951,Unknown,,,97,,,,,,,,,
7952,Unknown,,,97,,,,,,,,,
7953,Unknown,,,96,,,,,,,,,
7954,Unknown,,,99,,,,,,,,,
7955,Unknown,,,118,,,,,,,,,
7956,Unknown,,,67,,,,,,,,,
7957,Unknown,,,50,,,,,,,,,
7958,Unknown,,,92,,,,,,,,,
7959,Unknown,,,64,,,,,,,,,
7960,Unknown,,,68,,,,,,,,,
7961,Unknown,,,302,,,,,,,,,
7962,Unknown,,,10,,,,,,,,,
7963,Unknown,,,,,,,,,,,,
7964,Unknown,,,2,,,,,,,,,
7965,Unknown,,,13,,,,,,,,,
7966,Unknown,,,64,,,,,,,,,
7967,Unknown,,,,,,,,,,,,
7968,Unknown,,,59,,,,,,,,,
7969,Unknown,,,67,,,,,,,,,
7970,Unknown,,,111,,,,,,,,,
7971,Unknown,,,,,,,,,,,,
7972,Unknown,,,6,,,,,,,,,
7973,Unknown,,,8,,,,,,,,,
7974,Unknown,,,29,,,,,,,,,
7975,Unknown,,,6,,,,,,,,,
7976,Unknown,,,4,,,,,,,,,
7977,Unknown,,,9,,,,,,,,,
7978,Unknown,,,62,,,,,,,,,
7979,Unknown,,,19,,,,,,,,,
7980,Unknown,,,18,,,,,,,,,
7981,Unknown,,,,,,,,,,,,
7982,Unknown,,,75,,,,,,,,,
7983,Unknown,,,14,,,,,,,,,
7984,Unknown,,,68,,,,,,,,,
7985,Unknown,,,17,,,,,,,,,
7986,Unknown,,,8,,,,,,,,,
7987,Unknown,,,,,,,,,,,,
7988,Unknown,,,,,,,,,,,,
7989,Unknown,,,8,,,,,,,,,
7990,Unknown,,,,,,,,,,,,
7991,Unknown,,,56,,,,,,,,,
7992,Unknown,,,175,,,,,,,,,
7993,Unknown,,,85,,,,,,,,,
7994,Unknown,,,440,,,,,,,,,
7995,Unknown,,,,,,,,,,,,
7996,Unknown,,,71,,,,,,,,,
7997,Unknown,,,,,,,,,,,,
7998,Unknown,,,18,,,,,,,,,
7999,Unknown,,,61,,,,,,,,,
8000,Unknown,,,95,,,,,,,,,
8001,Unknown,,,115,,,,,,,,,
8002,Unknown,,,20,,,,,,,,,
8003,Unknown,,,120,,,,,,,,,
8004,Unknown,,,101,,,,,,,,,
8005,Unknown,,,309,,,,,,,,,
8006,Unknown,,,66,,,,,,,,,
8007,Unknown,,,117,,,,,,,,,
8008,Unknown,,,173,,,,,,,,,
8009,Unknown,,,410,,,,,,,,,
8010,Unknown,,,255,,,,,,,,,
8011,Unknown,,,49,,,,,,,,,
8012,Unknown,,,,,,,,,,,,
8013,Unknown,,,494,,,,,,,,,
8014,Unknown,,,145,,,,,,,,,
8015,Unknown,,,3,,,,,,,,,
8016,Unknown,,,95,,,,,,,,,
8017,Unknown,,,38,,,,,,,,,
8018,Unknown,,,38,,,,,,,,,
8019,Unknown,,,86,,,,,,,,,
8020,Unknown,,,14,,,,,,,,,
8021,Unknown,,,18,,,,,,,,,
8022,Unknown,,,139,,,,,,,,,
8023,Unknown,,,532,,,,,,,,,
8024,Unknown,,,118,,,,,,,,,
8025,Unknown,,,,,,,,,,,,
8026,Unknown,,,476,,,,,,,,,
8027,Unknown,,,12,,,,,,,,,
8028,Unknown,,,105,,,,,,,,,
8029,Unknown,,,141,,,,,,,,,
8030,Unknown,,,252,,,,,,,,,
8031,Unknown,,,30,,,,,,,,,
8032,Unknown,,,7,,,,,,,,,
8033,Unknown,,,2,,,,,,,,,
8034,Unknown,,,,,,,,,,,,
8035,Unknown,,,79,,,,,,,,,
8036,Unknown,,,232,,,,,,,,,
8037,Unknown,,,500,,,,,,,,,
8038,Unknown,,,123,,,,,,,,,
8039,Unknown,,,5,,,,,,,,,
8040,Unknown,,,,,,,,,,,,
8041,Unknown,,,98,,,,,,,,,
8042,Unknown,,,29,,,,,,,,,
8043,Unknown,,,,,,,,,,,,
8044,Unknown,,,35,,,,,,,,,
8045,Unknown,,,54,,,,,,,,,
8046,Unknown,,,,,,,,,,,,
8047,Unknown,,,,,,,,,,,,
8048,Unknown,,,31,,,,,,,,,
8049,Unknown,,,14,,,,,,,,,
8050,Unknown,,,4,,,,,,,,,
8051,Unknown,,,5,,,,,,,,,
8052,Unknown,,,4,,,,,,,,,
8053,Unknown,,,13,,,,,,,,,
8054,Unknown,,,21,,,,,,,,,
8055,Unknown,,,18,,,,,,,,,
8056,Unknown,,,,,,,,,,,,
8057,Unknown,,,44,,,,,,,,,
8058,Unknown,,,89,,,,,,,,,
8059,Unknown,,,42,,,,,,,,,
8060,Unknown,,,41,,,,,,,,,
8061,Unknown,,,6,,,,,,,,,
8062,Unknown,,,,,,,,,,,,
8063,Unknown,,,40,,,,,,,,,
8064,Unknown,,,17,,,,,,,,,
8065,Unknown,,,,,,,,,,,,
8066,Unknown,,,67,,,,,,,,,
8067,Unknown,,,39,,,,,,,,,
8068,Unknown,,,,,,,,,,,,
8069,Unknown,,,,,,,,,,,,
8070,Unknown,,,45,,,,,,,,,
8071,Unknown,,,,,,,,,,,,
8072,Unknown,,,10,,,,,,,,,
8073,Unknown,,,2,,,,,,,,,
8074,Unknown,,,,,,,,,,,,
8075,Unknown,,,57,,,,,,,,,
8076,Unknown,,,19,,,,,,,,,
8077,Unknown,,,,,,,,,,,,
8078,Unknown,,,,,,,,,,,,
8079,Unknown,,,12,,,,,,,,,
8080,Unknown,,,11,,,,,,,,,
8081,Unknown,,,45,,,,,,,,,
8082,Unknown,,,57,,,,,,,,,
8083,Unknown,,,38,,,,,,,,,
8084,Unknown,,,,,,,,,,,,
8085,Unknown,,,100,,,,,,,,,
8086,Unknown,,,,,,,,,,,,
8087,Unknown,,,,,,,,,,,,
8088,Unknown,,,64,,,,,,,,,
8089,Unknown,,,,,,,,,,,,
8090,Unknown,,,28,,,,,,,,,
8091,Unknown,,,45,,,,,,,,,
8092,Unknown,,,72,,,,,,,,,
8093,Unknown,,,2,,,,,,,,,
8094,Unknown,,,22,,,,,,,,,
8095,Unknown,,,20,,,,,,,,,
8096,Unknown,,,36,,,,,,,,,
8097,Unknown,,,80,,,,,,,,,
8098,Unknown,,,,,,,,,,,,
8099,Unknown,,,9,,,,,,,,,
8100,Unknown,,,49,,,,,,,,,
8101,Unknown,,,25,,,,,,,,,
8102,Unknown,,,29,,,,,,,,,
8103,Unknown,,,30,,,,,,,,,
8104,Unknown,,,67,,,,,,,,,
8105,Unknown,,,40,,,,,,,,,
8106,Unknown,,,20,,,,,,,,,
8107,Unknown,,,4,,,,,,,,,
8108,Unknown,,,,,,,,,,,,
8109,Unknown,,,15,,,,,,,,,
8110,Unknown,,,42,,,,,,,,,
8111,Unknown,,,47.5,,,,,,,,,
8112,Unknown,,,3,,,,,,,,,
8113,Unknown,,,,,,,,,,,,
8114,Unknown,,,,,,,,,,,,
8115,Unknown,,,,,,,,,,,,
8116,Unknown,,,147,,,,,,,,,
8117,Unknown,,,67,,,,,,,,,
8118,Unknown,,,37,,,,,,,,,
8119,Unknown,,,,,,,,,,,,
8120,Unknown,,,70,,,,,,,,,
8121,Unknown,,,4,,,,,,,,,
8122,Unknown,,,66,,,,,,,,,
8123,Unknown,,,190,,,,,,,,,
8124,Unknown,,,29,,,,,,,,,
8125,Unknown,,,286,,,,,,,,,
8126,Unknown,,,189,,,,,,,,,
8127,Unknown,,,54,,,,,,,,,
8128,Unknown,,,536,,,,,,,,,
8129,Unknown,,,38,,,,,,,,,
8130,Unknown,,,19,,,,,,,,,
8131,Unknown,,,24,,,,,,,,,
8132,Unknown,,,20,,,,,,,,,
8133,Unknown,,,,,,,,,,,,
8134,Unknown,,,254,,,,,,,,,
8135,Unknown,,,488,,,,,,,,,
8136,Unknown,,,373,,,,,,,,,
8137,Unknown,,,66,,,,,,,,,
8138,Unknown,,,592,,,,,,,,,
8139,Unknown,,,80,,,,,,,,,
8140,Unknown,,,108,,,,,,,,,
8141,Unknown,,,,,,,,,,,,
8142,Unknown,,,,,,,,,,,,
8143,Unknown,,,189,,,,,,,,,
8144,Unknown,,,40,,,,,,,,,
8145,Unknown,,,41,,,,,,,,,
8146,Unknown,,,25,,,,,,,,,
8147,Unknown,,,58,,,,,,,,,
8148,Unknown,,,16,,,,,,,,,
8149,Unknown,,,52,,,,,,,,,
8150,Unknown,,,,,,,,,,,,
8151,Unknown,,,195,,,,,,,,,
8152,Unknown,,,,,,,,,,,,
8153,Unknown,,,58,,,,,,,,,
8154,Unknown,,,28,,,,,,,,,
8155,Unknown,,,18,,,,,,,,,
8156,Unknown,,,17,,,,,,,,,
8157,Unknown,,,37,,,,,,,,,
8158,Unknown,,,64,,,,,,,,,
8159,Unknown,,,,,,,,,,,,
8160,Unknown,,,52,,,,,,,,,
8161,Unknown,,,2,,,,,,,,,
8162,Unknown,,,17,,,,,,,,,
8163,Unknown,,,,,,,,,,,,
8164,Unknown,,,37,,,,,,,,,
8165,Unknown,,,,,,,,,,,,
8166,Unknown,,,8,,,,,,,,,
8167,Unknown,,,,,,,,,,,,
8168,Unknown,,,25,,,,,,,,,
8169,Unknown,,,44,,,,,,,,,
8170,Unknown,,,21,,,,,,,,,
